<?xml version="1.0" encoding="UTF-8" ?>
<!DOCTYPE mapper    
PUBLIC "-//mybatis.org//DTD Mapper 3.0//EN"    
"http://mybatis.org/dtd/mybatis-3-mapper.dtd">
<!-- namespace：此时用mapper代理方式，它的值必须等于对应mapper接口的全限定名  -->
<mapper namespace="cn.archer.mapper.BoarMapper">
    <select id="selectAllFemale"  resultType="cn.archer.pojo.Selebith">
        select * from selebith where r_curmark='5' or r_curmark='6'or r_curmark='7'or r_curmark='8'
    </select>
        
    <select id="selectAllMale"  resultType="cn.archer.pojo.Selebith">
        select * from selebith where r_curmark='9'
    </select>
    
    <select id="selectAllFemalePage" parameterType="java.lang.Integer" resultType="cn.archer.pojo.Selebith">
        select * from selebith where r_curmark='5' or r_curmark='6'or r_curmark='7'or r_curmark='8' order by selebith.r_fdate desc Limit #{0} Offset #{1} 
    </select>
        
    <select id="selectAllMalePage" parameterType="java.lang.Integer" resultType="cn.archer.pojo.Selebith">
        select * from selebith where r_curmark='9' order by selebith.r_fdate desc Limit #{0} Offset #{1}
    </select>
    
    <select id="selectAllFemaleCount"  resultType="cn.archer.pojo.Count">
        select count(*)as'count' from selebith where selebith.r_curmark='5' or selebith.r_curmark='6'or selebith.r_curmark='7'or selebith.r_curmark='8'
    </select>
        
    <select id="selectAllMaleCount"  resultType="cn.archer.pojo.Count">
        select count(*)as'count' from selebith where r_curmark='9'
    </select>
    
    <select id="selectAllPZ"  resultType="cn.archer.pojo.Breeding">
        select * from breeding where r_animal = #{0}
    </select>
    
    <select id="selectAllFM"  resultType="cn.archer.pojo.Childbirth">
        select * from childbirth where r_animal = #{0}
    </select>
    
    <select id="selectAllDM"  resultType="cn.archer.pojo.Childbirth">
        select * from childbirth where r_animal = #{0} and zt = '2'
    </select>
         
    <select id="selectAllCJ" parameterType="java.lang.String"  resultType="cn.archer.pojo.Takesperm">
        SELECT * FROM takesperm WHERE takesperm.r_animal LIKE #{0} 
    </select>
    
    <select id="selectAllGPZ"  resultType="cn.archer.pojo.Breeding">
        select * from breeding where oner_animal = #{0}
    </select>
</mapper>
