<?xml version="1.0" encoding="UTF-8" ?>
<!DOCTYPE mapper    
PUBLIC "-//mybatis.org//DTD Mapper 3.0//EN"    
"http://mybatis.org/dtd/mybatis-3-mapper.dtd">
<!-- namespace：此时用mapper代理方式，它的值必须等于对应mapper接口的全限定名  -->
<mapper namespace="cn.archer.mapper.BreedingMapper">
    <insert id="insert"  parameterType="cn.archer.pojo.Breeding">
        INSERT INTO breeding(id,r_animal,pztc,fqrq,pzrq,onetype,oner_animal,twotype,twor_animal,threetype,threer_animal,ycrq,employeeid,fenceid,outfenceid,pzzt,bz)
        VALUES (#{id},#{r_animal},#{pztc},#{fqrq},#{pzrq},#{onetype},#{oner_animal},#{twotype},#{twor_animal},#{threetype},#{threer_animal},#{ycrq},#{employeeid},#{fenceid},#{outfenceid},#{pzzt},#{bz})
    </insert>
        
    <select id="selectAll" resultType="cn.archer.pojo.Breeding">
        select * FROM breeding
    </select>
    <select id="selectByid" parameterType="java.lang.String"  resultType="cn.archer.pojo.Breeding">
        select * from breeding where id=#{0}
            
    </select>
    <select id="selectByidandtc" parameterType="java.lang.String"  resultType="java.lang.String">
        select employeeid from breeding where r_animal=#{0} and pztc=#{1} and pzzt = '2'
            
    </select>
    <delete id="deleteByid" parameterType="java.lang.String">
        delete from breeding where id=#{0}
            
    </delete>
    <update id="updateByid" parameterType="cn.archer.pojo.Breeding">
        update breeding set pztc=#{pztc},fqrq=#{fqrq},pzrq=#{pzrq},onetype=#{onetype},oner_animal=#{oner_animal},twotype=#{twotype},twor_animal=#{twor_animal},threetype=#{threetype},threer_animal=#{threer_animal},ycrq=#{ycrq},employeeid=#{employeeid},fenceid=#{fenceid},outfenceid=#{outfenceid},pzzt=#{pzzt},bz=#{bz} where id=#{id}
    </update>
    <select id="BreedingSelectByDate" parameterType="java.lang.String" resultType="cn.archer.pojo.Breeding">
        SELECT * from breeding WHERE breeding.pzrq BETWEEN date(#{0}) AND date(#{1}) order by breeding.pzrq desc
        
    </select>
    <select id="selectByIdPage" parameterType="java.lang.Integer" resultType="cn.archer.pojo.Breeding">
        SELECT * from breeding order by breeding.pzrq desc Limit #{0} Offset #{1}
        
    </select>
    <select id="selectCount"  resultType="cn.archer.pojo.Count">
        SELECT count(*)as'count' from breeding
        
    </select>
    
    
    
</mapper>
