<?xml version="1.0" encoding="UTF-8" ?>
<!DOCTYPE mapper    
PUBLIC "-//mybatis.org//DTD Mapper 3.0//EN"    
"http://mybatis.org/dtd/mybatis-3-mapper.dtd">
<!-- namespace：此时用mapper代理方式，它的值必须等于对应mapper接口的全限定名  -->
<mapper namespace="cn.archer.mapper.ChildbirthMapper">
    <insert id="insert"  parameterType="cn.archer.pojo.Childbirth">
        INSERT INTO childbirth(id,r_animal,farm_id,fenceid,fwfenceid,fwemployeeid,tc,czrq,zczs,czhs,cgzs,cmzs,jxs,sds,mny,cswz,jl,jc,outfenceid,dnrq,dnrl,dnts,dnwz,employeeid,zt,bz,pzemployeeid)
        VALUES (#{id},#{r_animal},#{farm_id},#{fenceid},#{fwfenceid},#{fwemployeeid},#{tc},#{czrq},#{zczs},#{czhs},#{cgzs},#{cmzs},#{jxs},#{sds},#{mny},#{cswz},#{jl},#{jc},#{outfenceid},#{dnrq},#{dnrl},#{dnts},#{dnwz},#{employeeid},#{zt},#{bz},#{pzemployeeid})
    </insert>
        
    <select id="selectAll" resultType="cn.archer.pojo.Childbirth">
        select * FROM childbirth
    </select>
    <select id="selectByid" parameterType="java.lang.String"  resultType="cn.archer.pojo.Childbirth">
        select * from childbirth where id=#{0}
            
    </select>
    <delete id="deleteByid" parameterType="java.lang.String">
        delete from childbirth where id=#{0}
            
    </delete>
    <update id="updateByid" parameterType="cn.archer.pojo.Childbirth">
        update childbirth set farm_id=#{farm_id},fenceid=#{fenceid},fwfenceid=#{fwfenceid},fwemployeeid=#{fwemployeeid},czrq=#{czrq},zczs=#{zczs},czhs=#{czhs},cgzs=#{cgzs},cmzs=#{cmzs},jxs=#{jxs},sds=#{sds},mny=#{mny},cswz=#{cswz},jl=#{jl},jc=#{jc},outfenceid=#{outfenceid},dnrq=#{dnrq},dnrl=#{dnrl},dnts=#{dnts},dnwz=#{dnwz},employeeid=#{employeeid},zt=#{zt},bz=#{bz} WHERE r_animal=#{r_animal} and tc=#{tc} 
    </update>
    <select id="ChildbirthSelectByDate" parameterType="java.lang.String" resultType="cn.archer.pojo.Childbirth">
        SELECT * from childbirth WHERE childbirth.czrq BETWEEN date(#{0}) AND date(#{1}) order by childbirth.czrq desc
        
    </select>
    <select id="selectByIdPage" parameterType="java.lang.Integer" resultType="cn.archer.pojo.Childbirth">
        SELECT * from childbirth order by childbirth.czrq desc Limit #{0} Offset #{1}
        
    </select>
    <select id="selectCount"  resultType="cn.archer.pojo.Count">
        SELECT count(*)as'count' from childbirth
        
    </select>

    
    
    
</mapper>
