<?xml version="1.0" encoding="UTF-8" ?>
<!DOCTYPE mapper    
PUBLIC "-//mybatis.org//DTD Mapper 3.0//EN"    
"http://mybatis.org/dtd/mybatis-3-mapper.dtd">
<!-- namespace：此时用mapper代理方式，它的值必须等于对应mapper接口的全限定名  -->
<mapper namespace="cn.archer.mapper.ConservationTurnPigMapper02">

    <select id="selectAll02FatteningPig" resultType="cn.archer.pojo.Selebith">
        select * FROM selebith where  Selebith.nifby ='0' and Selebith.r_curmark='2'  order by r_fdate desc
    </select>
    <select id="selectAll02BackgPig" resultType="cn.archer.pojo.Selebith">
        select * FROM selebith where  Selebith.nifbh ='0' and Selebith.r_curmark='2'  order by r_fdate desc
    </select>
    
    <select id="selectById02FatteningPig" parameterType="java.lang.String"  resultType="cn.archer.pojo.Selebith">
        select * from selebith where id=#{0} and  Selebith.nifby ='0'   and Selebith.r_curmark='2'      
    </select>
    <select id="selectById02BackPig" parameterType="java.lang.String"  resultType="cn.archer.pojo.Selebith">
        select * from selebith where id=#{0} and  Selebith.nifbh ='0'   and Selebith.r_curmark='2'      
    </select>

    <update id="updateById02FatteningPig" parameterType="cn.archer.pojo.Selebith">
        update selebith set  r_cage=#{r_cage} , r_pcage=#{r_pcage}      , r_curmark=#{r_curmark} ,
        nifby =#{nifby } , byffenceid=#{byffenceid}, byafenceid=#{byafenceid}  ,  bysj=#{bysj}     , byfzr=#{byfzr}
        where r_animal=#{r_animal}        
    </update>    
    <update id="updateById02BackPig" parameterType="cn.archer.pojo.Selebith">
        update selebith set  r_cage=#{r_cage} , r_pcage=#{r_pcage}      , r_curmark=#{r_curmark} ,
        nifbh =#{nifbh } , bhffenceid=#{bhffenceid}, bhafenceid=#{bhafenceid}  ,  r_predate=#{r_predate}     , whodo=#{whodo}
        where r_animal=#{r_animal}        
    </update>
    
    <select id="selectByIdPage02FatteningPig" parameterType="java.lang.Integer" resultType="cn.archer.pojo.Selebith">
        SELECT * from selebith where  Selebith.nifby ='0'   and Selebith.r_curmark='2' order by r_fdate desc Limit #{0} Offset #{1}         
    </select>
    <select id="selectByIdPage02BackPig" parameterType="java.lang.Integer" resultType="cn.archer.pojo.Selebith">
        SELECT * from selebith where  Selebith.nifbh ='0'   and Selebith.r_curmark='2' order by r_fdate desc Limit #{0} Offset #{1}         
    </select>
    
    <select id="selectCount02FatteningPig"  resultType="cn.archer.pojo.Count">
        SELECT count(*)as'count' from selebith where   Selebith.nifby ='0'   and Selebith.r_curmark='2'  order by r_fdate desc    
    </select>
    <select id="selectCount02BackPig"  resultType="cn.archer.pojo.Count">
        SELECT count(*)as'count' from selebith where   Selebith.nifbh ='0'   and Selebith.r_curmark='2'  order by r_fdate desc    
    </select>
    
    
    
</mapper>
