<?xml version="1.0" encoding="UTF-8" ?>
<!DOCTYPE mapper    
PUBLIC "-//mybatis.org//DTD Mapper 3.0//EN"    
"http://mybatis.org/dtd/mybatis-3-mapper.dtd">
<!-- namespace：此时用mapper代理方式，它的值必须等于对应mapper接口的全限定名  -->
<mapper namespace="cn.archer.mapper.ConservationTurnFatteningPigMapper">
    <insert id="insert"  parameterType="cn.archer.pojo.Selebith">
        INSERT INTO Selebith(r_animal,pztc,fqrq,pzrq,onetype,oner_animal,twotype,twor_animal,threetype,threer_animal,ycrq,employeeid,fenceid,outfenceid,pzzt,bz)
        VALUES (#{id},#{r_animal},#{pztc},#{fqrq},#{pzrq},#{onetype},#{oner_animal},#{twotype},#{twor_animal},#{threetype},#{threer_animal},#{ycrq},#{employeeid},#{fenceid},#{outfenceid},#{pzzt},#{bz})
    </insert>
    <select id="selectAll" resultType="cn.archer.pojo.Selebith">
        select * FROM selebith where nifby='1'order by bysj desc
    </select>
    <select id="selectByid" parameterType="java.lang.String"  resultType="cn.archer.pojo.Selebith">
        select * from selebith where id LIKE #{0}and nifby='1'
            
    </select>
    <!--    <delete id="deleteByid" parameterType="java.lang.String">
        delete from Selebith where id=#{0}    and  nifby='1'
    </delete>-->
    <update id="updateByid" parameterType="cn.archer.pojo.Selebith">
        update Selebith set pztc=#{pztc},fqrq=#{fqrq},pzrq=#{pzrq},onetype=#{onetype},oner_animal=#{oner_animal},twotype=#{twotype},twor_animal=#{twor_animal},threetype=#{threetype},threer_animal=#{threer_animal},ycrq=#{ycrq},employeeid=#{employeeid},fenceid=#{fenceid},outfenceid=#{outfenceid},pzzt=#{pzzt},bz=#{bz} where id=#{id}
       
    </update>
    <select id="SelebithSelectByDate" parameterType="java.lang.String" resultType="cn.archer.pojo.Selebith">
        SELECT * from Selebith WHERE Selebith.bysj BETWEEN date(#{0}) AND date(#{1}) and nifby='1'    order by bysj desc    
    </select>
    <select id="selectByIdPage" parameterType="java.lang.Integer" resultType="cn.archer.pojo.Selebith">
        SELECT * from Selebith  where  nifby='1' order by bysj desc  Limit #{0} Offset #{1} 
        
    </select>
    <select id="selectCount"  resultType="cn.archer.pojo.Count">
        SELECT count(*)as'count' from Selebith where nifby='1' order by bysj desc
        
    </select>
    
    
    
</mapper>
