<?xml version="1.0" encoding="UTF-8" ?>
<!DOCTYPE mapper    
PUBLIC "-//mybatis.org//DTD Mapper 3.0//EN"    
"http://mybatis.org/dtd/mybatis-3-mapper.dtd">
<!-- namespace：此时用mapper代理方式，它的值必须等于对应mapper接口的全限定名  -->
<mapper namespace="cn.archer.mapper.DesignbaseMapper">
    <insert id="insert"  parameterType="cn.archer.pojo.Designbase">
        INSERT INTO designbase(id,typename,typevalue)
        VALUES (#{id},#{typename},#{typevalue})
    </insert>
        
    <select id="selectAll" resultType="cn.archer.pojo.Designbase">
        select * FROM designbase
    </select>
    <select id="selectByid" parameterType="String"  resultType="cn.archer.pojo.Designbase">
        select * from designbase where id=#{0}
            
    </select>
    <delete id="deleteByid" parameterType="String">
        delete from designbase where id=#{0}
            
    </delete>
    <update id="updateByid" parameterType="cn.archer.pojo.Designbase">
        update designbase set id=#{id},typename=#{typename} where typevalue=#{typevalue}
            
    </update>
    
    
    
</mapper>
