<?xml version="1.0" encoding="UTF-8" ?>
<!DOCTYPE mapper    
PUBLIC "-//mybatis.org//DTD Mapper 3.0//EN"    
"http://mybatis.org/dtd/mybatis-3-mapper.dtd">
<!-- namespace：此时用mapper代理方式，它的值必须等于对应mapper接口的全限定名  -->
<mapper namespace="cn.archer.mapper.EmployeeMapper">
    <insert id="insert"  parameterType="cn.archer.pojo.Employee">
        INSERT INTO employee(employeeid,user_name,Password,superroot,isallfarm,money,rzsj,worksm,ygzw,bz)
        VALUES (#{employeeid},#{user_name},#{Password},#{superroot},#{isallfarm},#{money},#{rzsj},#{worksm},#{ygzw},#{bz})
    </insert>
        
    <select id="selectAll" resultType="cn.archer.pojo.Employee">
        select * from employee
    </select>
    <select id="selectByid" parameterType="String"  resultType="cn.archer.pojo.Employee">
        select * from employee where employeeid=#{0}
            
    </select>
    <delete id="deleteByid" parameterType="String">
        delete from employee where employeeid=#{0}
            
    </delete>
    <update id="updateByid" parameterType="cn.archer.pojo.Employee">
        update employee set user_name=#{user_name},Password=#{Password},superroot=#{superroot},isallfarm=#{isallfarm},money=#{money},rzsj=#{rzsj},worksm=#{worksm},ygzw=#{ygzw},bz=#{bz} where employeeid=#{employeeid}
            
    </update>
    
    
    
</mapper>
