<?xml version="1.0" encoding="UTF-8" ?>
<!DOCTYPE mapper    
PUBLIC "-//mybatis.org//DTD Mapper 3.0//EN"    
"http://mybatis.org/dtd/mybatis-3-mapper.dtd">
<!-- namespace：此时用mapper代理方式，它的值必须等于对应mapper接口的全限定名  -->
<mapper namespace="cn.archer.mapper.FarmNameMapper">

	
    <insert id="insert"  parameterType="cn.archer.pojo.FarmName">
        INSERT INTO farmname(id,farm_name,farm_id,farm_add,farm_code,farm_fzr,bz)
        VALUES (#{id},#{farm_name},#{farm_id},#{farm_add},#{farm_code},#{farm_fzr},#{bz})
    </insert>
    
    <select id="selectAll" resultType="cn.archer.pojo.FarmName">
        select * FROM farmname
    </select>
    
    <select id="selectByFarmid" parameterType="String"  resultType="cn.archer.pojo.FarmName">
        select * from farmname where farm_id=#{0}
    </select>
    
    <delete id="deleteByFarmid" parameterType="String">
        delete from farmname where farm_id=#{0}
    </delete>
    
    <update id="updateByFarmid" parameterType="cn.archer.pojo.FarmName">
        update farmname set farm_name=#{farm_name},farm_add=#{farm_add},farm_code=#{farm_code},farm_fzr=#{farm_fzr},bz=#{bz},farm_id=#{farm_id} where id=#{id}
    </update>

</mapper>