<?xml version="1.0" encoding="UTF-8" ?>
<!DOCTYPE mapper    
PUBLIC "-//mybatis.org//DTD Mapper 3.0//EN"    
"http://mybatis.org/dtd/mybatis-3-mapper.dtd">
<!-- namespace：此时用mapper代理方式，它的值必须等于对应mapper接口的全限定名  -->
<mapper namespace="cn.archer.mapper.FeedingTurnConservationPigMapper">

    <select id="selectAll" resultType="cn.archer.pojo.Selebith">
        select * FROM selebith where nifzb='1' order by r_weandate desc
    </select>
    <select id="selectByid" parameterType="java.lang.String"  resultType="cn.archer.pojo.Selebith">
        select * from selebith where id=#{0} and nifzb='1' 
    </select>

    <select id="SelebithSelectByDate" parameterType="java.lang.String" resultType="cn.archer.pojo.Selebith">
        SELECT * from Selebith WHERE r_weandate BETWEEN date(#{0}) AND date(#{1}) and nifzb='1' order by r_weandate desc    
    </select>
    
    <select id="selectByIdPage" parameterType="java.lang.Integer" resultType="cn.archer.pojo.Selebith">
        SELECT * from Selebith  where  nifzb='1' order by r_weandate desc  Limit #{0} Offset #{1} 
    </select>
    <select id="selectCount"  resultType="cn.archer.pojo.Count">
        SELECT count(*)as'count' from Selebith where nifzb='1'  order by r_weandate desc
    </select>
    
    
    
</mapper>
