<?xml version="1.0" encoding="UTF-8" ?>
<!DOCTYPE mapper    
PUBLIC "-//mybatis.org//DTD Mapper 3.0//EN"    
"http://mybatis.org/dtd/mybatis-3-mapper.dtd">
<!-- namespace：此时用mapper代理方式，它的值必须等于对应mapper接口的全限定名  -->
<mapper namespace="cn.archer.mapper.FenceMapper">
    <insert id="insert"  parameterType="cn.archer.pojo.Fence">
        INSERT INTO fence(fenceid,fencename,number,bz)
        VALUES (#{fenceid},#{fencename},#{number},#{bz})
    </insert>
        
    <select id="selectAll" resultType="cn.archer.pojo.Fence">
        select * FROM fence
    </select>
    <select id="selectByFenceid" parameterType="String"  resultType="cn.archer.pojo.Fence">
        select * from fence where fenceid=#{0}
            
    </select>
    <delete id="deleteByFenceid" parameterType="String">
        delete from fence where fenceid=#{0}
            
    </delete>
    <update id="updateByFenceid" parameterType="cn.archer.pojo.Fence">
        update fence set fenceid=#{fenceid},fencename=#{fencename},number=#{number},bz=#{bz} where fenceid=#{fenceid}
            
    </update>
    
    <select id="selectAllById" parameterType="String"  resultType="cn.archer.pojo.Fence">
        select * from fence where number=#{0}
    </select>
    
</mapper>
