<?xml version="1.0" encoding="UTF-8" ?>
<!DOCTYPE mapper    
PUBLIC "-//mybatis.org//DTD Mapper 3.0//EN"    
"http://mybatis.org/dtd/mybatis-3-mapper.dtd">
<!-- namespace：此时用mapper代理方式，它的值必须等于对应mapper接口的全限定名  -->
<mapper namespace="cn.archer.mapper.HundredTestMapper">
    <insert id="insert"  parameterType="cn.archer.pojo.HundredTest">
        INSERT into hundredtest(r_animal,cdrq,zsex,fenceid,weight,employeeid,cddd,rl,tc,tg,bg,xw,xs,fw,gw,ttw,htbbh,htyjmj,outfenceid,cdzt,bz,bz1,bz2,bz3,jg) values (#{r_animal},#{cdrq},#{zsex},#{fenceid},#{weight},#{employeeid},#{cddd},#{rl},#{tc},#{tg},#{bg},#{xw},#{xs},#{fw},#{gw},#{ttw},#{htbbh},#{htyjmj},#{outfenceid},#{cdzt},#{bz},#{bz1},#{bz2},#{bz3},#{jg})
    </insert>
        
    <select id="selectAll" resultType="cn.archer.pojo.HundredTest">
        select * FROM hundredtest
    </select>
    <select id="selectByid" parameterType="java.lang.String"  resultType="cn.archer.pojo.HundredTest">
        select * from hundredtest where id=#{0}
            
    </select>
    <delete id="deleteByid" parameterType="java.lang.String">
        delete from hundredtest where id=#{0}
            
    </delete>
    <update id="updateByid" parameterType="cn.archer.pojo.HundredTest">
        
        update hundredtest set weight=#{weight},employeeid=#{employeeid},cddd=#{cddd},tc=#{tc},tg=#{tg},bg=#{bg},xw=#{xw},xs=#{xs},fw=#{fw},gw=#{gw},ttw=#{ttw},htbbh=#{htbbh},htyjmj=#{htyjmj},bz=#{bz},bz1=#{bz1},bz2=#{bz2},bz3=#{bz3},jg=#{jg} where r_animal=#{r_animal}
  
    </update>
    <select id="TwoTestgSelectByDate" parameterType="java.lang.String" resultType="cn.archer.pojo.HundredTest">
        SELECT * from hundredtest WHERE breeding.pzrq BETWEEN date(#{0}) AND date(#{1})
        
    </select>
    <select id="selectByIdPage" parameterType="java.lang.Integer" resultType="cn.archer.pojo.HundredTest">
        SELECT * from hundredtest Limit #{0} Offset #{1}
        
    </select>
    <select id="selectCount"  resultType="cn.archer.pojo.Count">
        SELECT count(*)as'count' from hundredtest
        
    </select>
    
    
    
</mapper>
