<?xml version="1.0" encoding="UTF-8" ?>
<!DOCTYPE mapper    
PUBLIC "-//mybatis.org//DTD Mapper 3.0//EN"    
"http://mybatis.org/dtd/mybatis-3-mapper.dtd">
<!-- namespace：此时用mapper代理方式，它的值必须等于对应mapper接口的全限定名  -->
<mapper namespace="cn.archer.mapper.JbzlMapper">
    <insert id="insert"  parameterType="cn.archer.pojo.Jbzl">
        INSERT INTO jbzl(id,r_animal,ztid,jbid,ypid,zlrq,employeeid,bz)
        VALUES (#{id},#{r_animal},#{ztid},#{jbid},#{ypid},#{zlrq},#{employeeid},#{bz})
    </insert>
        
    <select id="selectAll" resultType="cn.archer.pojo.Jbzl">
        select * FROM jbzl
    </select>
    <select id="selectByid" parameterType="java.lang.String"  resultType="cn.archer.pojo.Jbzl">
        select * from jbzl where id=#{0}
            
    </select>
    <delete id="deleteByid" parameterType="java.lang.String">
        delete from jbzl where id=#{0}
            
    </delete>
    <update id="updateByid" parameterType="cn.archer.pojo.Jbzl">
        update jbzl set r_animal=#{r_animal},ztid=#{ztid},jbid=#{jbid},ypid=#{ypid},zlrq=#{zlrq},employeeid=#{employeeid},bz=#{bz} where id=#{id}
    </update>
    <select id="JbzlSelectByDate" parameterType="java.lang.String" resultType="cn.archer.pojo.Jbzl">
        SELECT * from jbzl WHERE jbzl.zlrq BETWEEN date(#{0}) AND date(#{1}) order by jbzl.zlrq desc
        
    </select>
    <select id="selectByIdPage" parameterType="java.lang.Integer" resultType="cn.archer.pojo.Jbzl">
        SELECT * from jbzl order by jbzl.zlrq desc Limit #{0} Offset #{1}
        
    </select>
    <select id="selectCount"  resultType="cn.archer.pojo.Count">
        SELECT count(*)as'count' from jbzl
        
    </select>

    
    
    
</mapper>
