<?xml version="1.0" encoding="UTF-8" ?>
<!DOCTYPE mapper    
PUBLIC "-//mybatis.org//DTD Mapper 3.0//EN"    
"http://mybatis.org/dtd/mybatis-3-mapper.dtd">
<!-- namespace：此时用mapper代理方式，它的值必须等于对应mapper接口的全限定名  -->
<mapper namespace="cn.archer.mapper.JqqyjyMapper">

    <select id="selectMzAll" parameterType="String"  resultType="String">
        select selebith.r_animal from selebith where r_dam = #{0} and r_curmark = '9';
    </select>
    <select id="selectFzAll" parameterType="String"  resultType="String">
        select selebith.r_animal from selebith where r_sire = #{0} and r_curmark = '9';
    </select>
    <select id="selectMnAll" parameterType="String"  resultType="String">
        select selebith.r_animal from selebith where r_dam = #{0} and r_curmark = '5' OR ( r_curmark = '8' AND r_animal IN ( SELECT r_animal FROM breeding WHERE pzzt != '1' ) );
    </select>
    <select id="selectFnAll" parameterType="String"  resultType="String">
        select selebith.r_animal from selebith where r_sire = #{0} and r_curmark = '5' OR ( r_curmark = '8' AND r_animal IN ( SELECT r_animal FROM breeding WHERE pzzt != '1' ) );
    </select>
    <select id="selectMZnAll" parameterType="String"  resultType="cn.archer.pojo.Selebith">
        select * from selebith where r_dam = #{0};
    </select>
    <select id="selectFZnAll" parameterType="String"  resultType="cn.archer.pojo.Selebith">
        select * from selebith where r_sire = #{0};
    </select>

    <select id="selectById" parameterType="String"  resultType="cn.archer.pojo.Selebith">
        select * from selebith where r_animal LIKE #{0}
    </select>
    
    <select id="selectAllMale"  resultType="String">
        select selebith.r_animal from selebith where r_curmark='9'
    </select>
    
    <select id="selectAllFemale"  resultType="String">
    SELECT selebith.r_animal FROM selebith WHERE r_curmark = '5' OR ( r_curmark = '8' AND r_animal IN ( SELECT r_animal FROM breeding WHERE pzzt != '1' ) )
    </select>
    
    <select id="selectAllMale1"   resultType="cn.archer.pojo.Selebith">
        select * from selebith where r_curmark='9'
    </select>
    
    <select id="selectAllFemale1"   resultType="cn.archer.pojo.Selebith">
    SELECT * FROM selebith WHERE r_curmark = '5' OR ( r_curmark = '8' AND r_animal IN ( SELECT r_animal FROM breeding WHERE pzzt != '1' ) )
    </select>

    <select id="selectByCjrq" parameterType="String"  resultType="String">
        select MAX(cjrq) from takesperm where r_animal LIKE #{0}
    </select>
</mapper>
