<?xml version="1.0" encoding="UTF-8" ?>
<!DOCTYPE mapper    
PUBLIC "-//mybatis.org//DTD Mapper 3.0//EN"    
"http://mybatis.org/dtd/mybatis-3-mapper.dtd">
<!-- namespace：此时用mapper代理方式，它的值必须等于对应mapper接口的全限定名  -->
<mapper namespace="cn.archer.mapper.JyjcMapper">
    <insert id="insert"  parameterType="cn.archer.pojo.Jyjc">
        INSERT INTO jyjc(id,r_animal,fenceid,jcrq,jyname,jcresult,jcdw,employeeid,bz)
        VALUES (#{id},#{r_animal},#{fenceid},#{jcrq},#{jyname},#{jcresult},#{jcdw},#{employeeid},#{bz})
    </insert>
        
    <select id="selectAll" resultType="cn.archer.pojo.Jyjc">
        select * FROM jyjc
    </select>
    <select id="selectByid" parameterType="java.lang.String"  resultType="cn.archer.pojo.Jyjc">
        select * from jyjc where id=#{0}
            
    </select>
    <delete id="deleteByid" parameterType="java.lang.String">
        delete from jyjc where id=#{0}
            
    </delete>
    <update id="updateByid" parameterType="cn.archer.pojo.Jyjc">
        update jyjc set r_animal=#{r_animal},fenceid=#{fenceid},jcrq=#{jcrq},jyname=#{jyname},jcresult=#{jcresult},jcdw=#{jcdw},employeeid=#{employeeid},bz=#{bz} where id=#{id}
    </update>
    <select id="JyjcSelectByDate" parameterType="java.lang.String" resultType="cn.archer.pojo.Jyjc">
        SELECT * from jyjc WHERE jyjc.jcrq BETWEEN date(#{0}) AND date(#{1}) order by jyjc.jcrq desc
        
    </select>
    <select id="selectByIdPage" parameterType="java.lang.Integer" resultType="cn.archer.pojo.Jyjc">
        SELECT * from jyjc order by jyjc.jcrq desc Limit #{0} Offset #{1}
        
    </select>
    <select id="selectCount"  resultType="cn.archer.pojo.Count">
        SELECT count(*)as'count' from jyjc
        
    </select>

    
    
    
</mapper>
