<?xml version="1.0" encoding="UTF-8" ?>
<!DOCTYPE mapper    
PUBLIC "-//mybatis.org//DTD Mapper 3.0//EN"    
"http://mybatis.org/dtd/mybatis-3-mapper.dtd">
<!-- namespace：此时用mapper代理方式，它的值必须等于对应mapper接口的全限定名  -->
<mapper namespace="cn.archer.mapper.LinesMapper">
    <insert id="insert"  parameterType="cn.archer.pojo.Lines">
        INSERT INTO lines(linename,lineid)
        VALUES (#{linename},#{lineid})
    </insert>
        
    <select id="selectAll" resultType="cn.archer.pojo.Lines">
        select * FROM lines
    </select>
    <select id="selectByLineid" parameterType="String"  resultType="cn.archer.pojo.Lines">
        select * from lines where lineid=#{0}
            
    </select>
    <delete id="deleteByLineid" parameterType="String">
        delete from lines where lineid=#{0}
            
    </delete>
    <update id="updateByLineid" parameterType="cn.archer.pojo.Lines">
        update lines set linename=#{linename} where lineid=#{lineid}
            
    </update>
    
    
    
</mapper>
