<?xml version="1.0" encoding="UTF-8" ?>
<!DOCTYPE mapper    
PUBLIC "-//mybatis.org//DTD Mapper 3.0//EN"    
"http://mybatis.org/dtd/mybatis-3-mapper.dtd">
<!-- namespace：此时用mapper代理方式，它的值必须等于对应mapper接口的全限定名  -->
<mapper namespace="cn.archer.mapper.LineherdMapper">
    <insert id="insert"  parameterType="cn.archer.pojo.Lineherd">
        INSERT INTO lineherd(herdid,herdname,lineid)
        VALUES (#{herdid},#{herdname},#{lineid})
    </insert>
        
    <select id="selectAll" resultType="cn.archer.pojo.Lineherd">
        select * FROM lineherd
    </select>
    <select id="selectByTypeid" parameterType="String"  resultType="cn.archer.pojo.Lineherd">
        select * from lineherd where herdid=#{0}
            
    </select>
    <delete id="deleteByTypeid" parameterType="String">
        delete from lineherd where herdid=#{0}
            
    </delete>
    <update id="updateByTypeid" parameterType="cn.archer.pojo.Lineherd">
        update lineherd set herdname=#{herdname},lineid=#{lineid} where herdid=#{herdid}
            
    </update>
    
    <select id="selectAllById" parameterType="String"  resultType="cn.archer.pojo.Lineherd">
        select * from lineherd where lineid=#{0}
            
    </select>
    
    
</mapper>
