<?xml version="1.0" encoding="UTF-8" ?>
<!DOCTYPE mapper    
PUBLIC "-//mybatis.org//DTD Mapper 3.0//EN"    
"http://mybatis.org/dtd/mybatis-3-mapper.dtd">
<!-- namespace：此时用mapper代理方式，它的值必须等于对应mapper接口的全限定名  -->
<mapper namespace="cn.archer.mapper.MyszMapper">
    <insert id="insert"  parameterType="cn.archer.pojo.Mysz">
        INSERT INTO mysz(id,rl,myname,bz)
        VALUES (#{id},#{rl},#{myname},#{bz})
    </insert>
        
    <select id="selectAll" resultType="cn.archer.pojo.Mysz">
        select * FROM mysz
    </select>
    <select id="selectByid" parameterType="String"  resultType="cn.archer.pojo.Mysz">
        select * from mysz where id=#{0}
            
    </select>
    <delete id="deleteByid" parameterType="String">
        delete from mysz where id=#{0}
            
    </delete>
    <update id="updateByid" parameterType="cn.archer.pojo.Mysz">
        update mysz set rl=#{rl},myname=#{myname},bz=#{bz} where id=#{id}
            
    </update>
    <select id="findid" resultType="Integer">
        select mysz.id FROM mysz where  rl=#{rl} and myname=#{myname} and bz=#{bz}
    </select>
    
    
</mapper>
