<?xml version="1.0" encoding="UTF-8" ?>
<!DOCTYPE mapper    
PUBLIC "-//mybatis.org//DTD Mapper 3.0//EN"    
"http://mybatis.org/dtd/mybatis-3-mapper.dtd">
<!-- namespace：此时用mapper代理方式，它的值必须等于对应mapper接口的全限定名  -->
<mapper namespace="cn.archer.mapper.PiggeryMapper">

	
    <insert id="insert"  parameterType="cn.archer.pojo.Piggery">
        INSERT INTO 
        piggery(number,category,feeder,statue,variety,zslb)
        VALUES (#{number},#{category},#{feeder},#{statue},#{variety},#{zslb})
    </insert>
        
    <select id="selectAll" resultType="cn.archer.pojo.Piggery">
        select * from piggery
    </select>
    <select id="selectByPiggeryid" parameterType="String"  resultType="cn.archer.pojo.Piggery">
        select * from piggery where number=#{0}
            
    </select>
    <delete id="deleteByPiggeryid" parameterType="String">
        delete from piggery where number=#{0}
            
    </delete>
    <update id="updateByPiggeryid" parameterType="cn.archer.pojo.Piggery">
        update piggery set category=#{category},feeder=#{feeder},statue=#{statue},variety=#{variety},zslb=#{zslb} where number=#{number}
            
    </update>
        
    <select id="selectByFenceId" parameterType="String" resultType="String">
        SELECT category FROM piggery WHERE number=(SELECT number FROM fence WHERE fenceid=#{0}) 
    </select>   
</mapper>