<?xml version="1.0" encoding="UTF-8" ?>
<!DOCTYPE mapper    
PUBLIC "-//mybatis.org//DTD Mapper 3.0//EN"    
"http://mybatis.org/dtd/mybatis-3-mapper.dtd">
<!-- namespace：此时用mapper代理方式，它的值必须等于对应mapper接口的全限定名  -->
<mapper namespace="cn.archer.mapper.PigjbMapper">
    <insert id="insert"  parameterType="cn.archer.pojo.Pigjb">
        INSERT INTO pigjb(typename,typeid)
        VALUES (#{typename},#{typeid})
    </insert>
        
    <select id="selectAll" resultType="cn.archer.pojo.Pigjb">
        select * FROM pigjb
    </select>
    <select id="selectByid" parameterType="String"  resultType="cn.archer.pojo.Pigjb">
        select * from pigjb where typeid=#{0}
            
    </select>
    <delete id="deleteByid" parameterType="String">
        delete from pigjb where typeid=#{0}
            
    </delete>
    <update id="updateByid" parameterType="cn.archer.pojo.Pigjb">
        update pigjb set typename=#{typename} where typeid=#{typeid}
            
    </update>
    
    
    
</mapper>
