<?xml version="1.0" encoding="UTF-8" ?>
<!DOCTYPE mapper    
PUBLIC "-//mybatis.org//DTD Mapper 3.0//EN"    
"http://mybatis.org/dtd/mybatis-3-mapper.dtd">
<!-- namespace：此时用mapper代理方式，它的值必须等于对应mapper接口的全限定名  -->
<mapper namespace="cn.archer.mapper.PigslMapper">
    <insert id="insert"  parameterType="cn.archer.pojo.Pigsl">
        INSERT INTO pigsl(typename,typeid,swintypeid)
        VALUES (#{typename},#{typeid},#{swintypeid})
    </insert>
        
    <select id="selectAll" resultType="cn.archer.pojo.Pigsl">
        select * FROM pigsl
    </select>
    <select id="selectByid" parameterType="String"  resultType="cn.archer.pojo.Pigsl">
        select * from pigsl where typeid=#{0}
            
    </select>
    <delete id="deleteByid" parameterType="String">
        delete from pigsl where typeid=#{0}
            
    </delete>
    <update id="updateByid" parameterType="cn.archer.pojo.Pigsl">
        update pigsl set typename=#{typename},swintypeid=#{swintypeid} where typeid=#{typeid}
            
    </update>
    
    
    
</mapper>
