<?xml version="1.0" encoding="UTF-8" ?>
<!DOCTYPE mapper    
PUBLIC "-//mybatis.org//DTD Mapper 3.0//EN"    
"http://mybatis.org/dtd/mybatis-3-mapper.dtd">
<!-- namespace：此时用mapper代理方式，它的值必须等于对应mapper接口的全限定名  -->
<mapper namespace="cn.archer.mapper.PigSaleMapper02">

   
    <select id="selectAll02" resultType="cn.archer.pojo.Selebith">
        select * FROM selebith where r_curmark !='10'  and r_curmark !='11' order by r_fdate desc
    </select>

    <select id="selectById02" parameterType="java.lang.String"  resultType="cn.archer.pojo.Selebith">
        select * from selebith where id=#{0}     
    </select>

    <update id="updateById02" parameterType="cn.archer.pojo.Selebith">
        update selebith set  r_cage=#{r_cage} , r_pcage=#{r_pcage}      , r_curmark=#{r_curmark} ,
        nifby =#{nifby } , byffenceid=#{byffenceid}, byafenceid=#{byafenceid}  ,  bysj=#{bysj}     , byfzr=#{byfzr}
        where r_animal=#{r_animal}        
    </update>    
    
    <select id="selectByIdPage02" parameterType="java.lang.Integer" resultType="cn.archer.pojo.Selebith">
        SELECT * from selebith where r_curmark !='10'  and r_curmark !='11'     order by r_fdate desc Limit #{0} Offset #{1}         
    </select>
    
    
    <select id="selectCount02"  resultType="cn.archer.pojo.Count">
        SELECT count(*)as'count' from selebith    order by r_fdate desc    
    </select>
    <select id="selectCountSale02"  resultType="cn.archer.pojo.Count">
        SELECT count(*)as'count' from selebith  where r_curmark !='10'  and r_curmark !='11'    order by r_fdate desc    
    </select>
    
    
    <insert id="insertMY"  parameterType="cn.archer.pojo.Zzmy">
        INSERT INTO Zzmy(r_animal  ,ztid,  zsrq  ,   ymid  ,  employeeid , fenceid , zssm)
        VALUES ( #{r_animal}  ,#{ztid} , #{ zsrq}  ,  #{ ymid}  ,  #{employeeid} , #{fenceid} , #{zssm}   )
    </insert>
    
</mapper>
