<?xml version="1.0" encoding="UTF-8" ?>
<!DOCTYPE mapper    
PUBLIC "-//mybatis.org//DTD Mapper 3.0//EN"    
"http://mybatis.org/dtd/mybatis-3-mapper.dtd">
<!-- namespace：此时用mapper代理方式，它的值必须等于对应mapper接口的全限定名  -->
<mapper namespace="cn.archer.mapper.PigypMapper">
    <insert id="insert"  parameterType="cn.archer.pojo.Pigyp">
        INSERT INTO pigyp(bz,typename,typeid)
        VALUES (#{bz},#{typename},#{typeid})
    </insert>
        
    <select id="selectAll" resultType="cn.archer.pojo.Pigyp">
        select * FROM pigyp
    </select>
    <select id="selectByid" parameterType="String"  resultType="cn.archer.pojo.Pigyp">
        select * from pigyp where typeid=#{0}
            
    </select>
    <delete id="deleteByid" parameterType="String">
        delete from pigyp where typeid=#{0}
            
    </delete>
    <update id="updateByid" parameterType="cn.archer.pojo.Pigyp">
        update pigyp set bz=#{bz},typename=#{typename} where typeid=#{typeid}
            
    </update>
    
    
    
</mapper>
