<?xml version="1.0" encoding="UTF-8" ?>
<!DOCTYPE mapper    
PUBLIC "-//mybatis.org//DTD Mapper 3.0//EN"    
"http://mybatis.org/dtd/mybatis-3-mapper.dtd">
<!-- namespace：此时用mapper代理方式，它的值必须等于对应mapper接口的全限定名  -->
<mapper namespace="cn.archer.mapper.RemindMapper">
    <!--免疫提醒查询-->
    <select id="selebithByR_fdateCount"  parameterType="java.lang.String"  resultType="cn.archer.pojo.Count">
        SELECT count(*)as'count' from selebith where r_fdate=date(#{0})
    </select>
    <select id="selebithByR_fdate"  parameterType="java.lang.String"  resultType="cn.archer.pojo.Selebith">
        SELECT * from selebith where r_fdate=date(#{0})
    </select>
    <!--妊娠检验提醒查询-->
    <!--    <select id="breedingJytxCount"  parameterType="java.lang.String"  resultType="cn.archer.pojo.Count">
        SELECT count(*)as'count' from breeding where pzrq=date(#{0}) and pzzt = '1'
    </select>-->
    <select id="breedingJytx"  parameterType="java.lang.String"  resultType="cn.archer.pojo.Breeding">
        SELECT * from breeding where pzrq=date(#{0}) and pzzt = '1'
    </select>
    <!--分娩提醒查询-->
    <!--    <select id="breedingFmtxCount"  parameterType="java.lang.String"  resultType="cn.archer.pojo.Count">
        SELECT count(*)as'count' from breeding where pzrq=date(#{0}) and pzzt = '2'
    </select>-->
    <select id="breedingFmtx"  parameterType="java.lang.String"  resultType="cn.archer.pojo.Breeding">
        SELECT * from breeding where pzrq=date(#{0}) and pzzt = '2'
    </select>

    <!--种猪免疫提醒查询-->
    <!--妊娠后-->
    <select id="breedingRshtxCount"  parameterType="java.lang.String"  resultType="cn.archer.pojo.Count">
        SELECT count(*)as'count' from breeding where pzrq=date(#{0})
    </select>
    <select id="breedingRshtx"  parameterType="java.lang.String"  resultType="java.lang.String">
        SELECT r_animal from breeding where pzrq=date(#{0})
    </select>
    <!--分娩后-->
    <select id="childbirthFmhtxCount"  parameterType="java.lang.String"  resultType="cn.archer.pojo.Count">
        SELECT count(*)as'count' from childbirth where czrq=date(#{0})
    </select>
    <select id="childbirthFmhtx"  parameterType="java.lang.String"  resultType="java.lang.String">
        SELECT r_animal from childbirth where czrq=date(#{0})
    </select>
    <!--断奶后-->
    <select id="childbirthDnhtxCount"  parameterType="java.lang.String"  resultType="cn.archer.pojo.Count">
        SELECT count(*)as'count' from childbirth where dnrq=date(#{0})
    </select>
    <select id="childbirthDnhtx"  parameterType="java.lang.String"  resultType="java.lang.String">
        SELECT r_animal from childbirth where dnrq=date(#{0})
    </select>
    <!--后备母猪100kg后-->
    <select id="hbmzhundredtesthtxCount"  parameterType="java.lang.String"  resultType="cn.archer.pojo.Count">
        SELECT count(*)as'count' from hundredTest where cdrq = date(#{0}) and cdzt = '5'
    </select>
    <select id="hbmzhundredtesthtx"  parameterType="java.lang.String"  resultType="java.lang.String">
        SELECT r_animal from hundredTest where cdrq = date(#{0}) and cdzt = '5'
    </select>
    <!--种公猪100kg后-->
    <select id="zgzhundredtesthtxCount"  parameterType="java.lang.String"  resultType="cn.archer.pojo.Count">
        SELECT count(*)as'count' from hundredTest where cdrq = date(#{0}) and cdzt = '9'
    </select>
    <select id="zgzhundredtesthtx"  parameterType="java.lang.String"  resultType="java.lang.String">
        SELECT r_animal from hundredTest where cdrq = date(#{0}) and cdzt = '9'
    </select>
    <!--种公猪-->
    <select id="zgztxCount"  parameterType="java.lang.String"  resultType="cn.archer.pojo.Count">
        SELECT count(*)as'count' from selebith where r_curmark = '9'
    </select>
    <select id="zgztx"  parameterType="java.lang.String"  resultType="cn.archer.pojo.Selebith">
        SELECT r_animal,r_fdate,r_curmark,r_pcage from selebith where r_curmark = '9'
    </select>
    
    <select id="zzxx"  parameterType="java.lang.String"  resultType="cn.archer.pojo.Selebith">
        SELECT r_animal,r_fdate,r_curmark,r_pcage from selebith where r_animal = #{0}
    </select>
</mapper>
