<?xml version="1.0" encoding="UTF-8" ?>
<!DOCTYPE mapper    
PUBLIC "-//mybatis.org//DTD Mapper 3.0//EN"    
"http://mybatis.org/dtd/mybatis-3-mapper.dtd">
<!-- namespace：此时用mapper代理方式，它的值必须等于对应mapper接口的全限定名  -->
<mapper namespace="cn.archer.mapper.SearchMapper">
    <select id="TakespermSelectSearch" parameterType="java.lang.String"  resultType="cn.archer.pojo.Takesperm">
        SELECT * FROM takesperm WHERE r_animal LIKE #{0} and cjrq between date(#{1}) and date(#{2})order by cjrq  desc
    </select>
    <select id="TakespermSelectSearchByPage" parameterType="java.lang.String"  resultType="cn.archer.pojo.Takesperm">
        SELECT * FROM takesperm WHERE r_animal LIKE #{0} and cjrq between date(#{1}) and date(#{2})order by cjrq  desc Limit #{3} Offset #{4}
    </select>
    <select id="TakespermSelectSearchByCount" parameterType="java.lang.String"  resultType="cn.archer.pojo.Count">
        SELECT count(*)as'count'FROM takesperm WHERE r_animal LIKE #{0} and cjrq between date(#{1}) and date(#{2}) 
    </select>
              
    <select id="SelebithSelectSearch" parameterType="java.lang.String" resultType="cn.archer.pojo.Selebith">
        SELECT *  FROM selebith WHERE r_animal LIKE #{0}and r_pcage LIKE #{1}and r_curmark LIKE #{2} and r_fdate between date(#{3}) and date(#{4}) order by r_fdate  desc
    </select>
    <select id="SelebithSelectSearchByPage" parameterType="java.lang.String" resultType="cn.archer.pojo.Selebith">
        SELECT *  FROM selebith WHERE r_animal LIKE #{0}and r_pcage LIKE #{1}and r_curmark LIKE #{2} and r_fdate between date(#{3}) and date(#{4}) order by r_fdate  desc Limit #{5} Offset #{6}
    </select>
    <select id="SelebithSelectSearchByCount" parameterType="java.lang.String" resultType="cn.archer.pojo.Count">
        SELECT  count(*)as'count' FROM selebith WHERE r_animal LIKE #{0}and r_pcage LIKE #{1} and r_curmark LIKE #{2} and r_fdate between date (#{3}) and date (#{4})
    </select>

    <select id="FemaleBoarSelectSearchByCount" parameterType="java.lang.String" resultType="cn.archer.pojo.Count">
        SELECT  count(*)as'count' FROM selebith WHERE r_animal LIKE #{0} and r_pcage LIKE #{1} and r_curmark LIKE #{2} and r_fdate between date (#{3}) and date (#{4})
    </select>
    
    <select id="FemaleBoarSelectSearchByPage" parameterType="java.lang.String" resultType="cn.archer.pojo.Selebith">
        SELECT *  FROM selebith WHERE r_animal LIKE #{0}and r_pcage LIKE #{1} and r_curmark LIKE #{2} and r_fdate between date(#{3}) and date(#{4}) order by r_fdate  desc Limit #{5} Offset #{6}
    </select>
    
    <select id="FemaleBoarSelectSearch" parameterType="java.lang.String" resultType="cn.archer.pojo.Selebith">
        SELECT *  FROM selebith WHERE r_animal LIKE #{0}and r_pcage LIKE #{1} and r_curmark LIKE #{2} and r_fdate between date(#{3}) and date(#{4}) order by r_fdate  desc
    </select>
    
    <select id="MaleBoarSelectSearchByCount" parameterType="java.lang.String" resultType="cn.archer.pojo.Count">
        SELECT  count(*)as'count' FROM selebith WHERE r_animal LIKE #{0} and r_curmark ='9' and r_pcage LIKE #{1} and r_fdate between date (#{2}) and date (#{3})
    </select>
    
    <select id="MaleBoarSelectSearch" parameterType="java.lang.String" resultType="cn.archer.pojo.Selebith">
        SELECT *  FROM selebith WHERE r_animal LIKE #{0} and r_curmark = '9' and r_pcage LIKE #{1} and r_fdate between date(#{2}) and date(#{3}) order by r_fdate  desc
    </select>
    
    <select id="MaleBoarSelectSearchByPage" parameterType="java.lang.String" resultType="cn.archer.pojo.Selebith">
        SELECT *  FROM selebith WHERE r_animal LIKE #{0} and r_curmark = '9' and r_pcage LIKE #{1} and r_fdate between date(#{2}) and date(#{3}) order by r_fdate  desc  Limit #{4} Offset #{5}
    </select>
    
    <select id="FemaleBoarSelectSearchByCount02" parameterType="java.lang.String" resultType="cn.archer.pojo.Count">
        SELECT  count(*)as'count' FROM selebith WHERE r_animal LIKE #{0} and r_pcage LIKE #{1} and r_curmark='5' or r_curmark='6'or r_curmark='7'or r_curmark='8' and r_fdate between date (#{2}) and date (#{3})
    </select>
    <select id="FemaleBoarSelectSearchByPage02" parameterType="java.lang.String" resultType="cn.archer.pojo.Selebith">
        SELECT *  FROM selebith WHERE r_animal LIKE #{0}and r_pcage LIKE #{1} and r_curmark='5' or r_curmark='6'or r_curmark='7'or r_curmark='8' and r_fdate between date(#{2}) and date(#{3}) order by r_fdate  desc  Limit #{4} Offset #{5}
    </select>
    <select id="FemaleBoarSelectSearch02" parameterType="java.lang.String" resultType="cn.archer.pojo.Selebith">
        SELECT *  FROM selebith WHERE r_animal LIKE #{0}and r_pcage LIKE #{1} and r_curmark='5' or r_curmark='6'or r_curmark='7'or r_curmark='8' and r_fdate between date(#{2}) and date(#{3}) order by r_fdate  desc 
    </select>
                
    <select id="BreedingSelectSearch" parameterType="java.lang.String" resultType="cn.archer.pojo.Breeding">
        SELECT *  FROM breeding WHERE r_animal LIKE #{0}and fenceid LIKE #{1} and pzzt LIKE #{2} and pzrq between date(#{3}) and date(#{4}) order by pzrq  desc
    </select>
    
    <select id="BreedingSelectSearchByPage" parameterType="java.lang.String" resultType="cn.archer.pojo.Breeding">
        SELECT *  FROM breeding WHERE r_animal LIKE #{0}and fenceid LIKE #{1} and pzzt LIKE #{2} and pzrq between date(#{3}) and date(#{4}) order by pzrq  desc  Limit #{5} Offset #{6}
    </select>
        
    <select id="BreedingSelectSearchByCount" parameterType="java.lang.String" resultType="cn.archer.pojo.Count">
        SELECT  count(*)as'count' FROM breeding WHERE r_animal LIKE #{0} and fenceid LIKE #{1} and pzzt LIKE #{2} and pzrq between date (#{3}) and date (#{4})
    </select>

    <select id="ChildbirthSelectSearch" parameterType="java.lang.String" resultType="cn.archer.pojo.Childbirth">
        SELECT *  FROM childbirth WHERE r_animal LIKE #{0}and fwfenceid LIKE #{1} and czrq between date(#{2}) and date(#{3}) order by czrq  desc
    </select>
    
    <select id="ChildbirthSelectSearchByPage" parameterType="java.lang.String" resultType="cn.archer.pojo.Childbirth">
        SELECT *  FROM childbirth WHERE r_animal LIKE #{0}and fwfenceid LIKE #{1} and czrq between date(#{2}) and date(#{3}) order by czrq  desc  Limit #{4} Offset #{5}
    </select>
        
    <select id="ChildbirthSelectSearchByCount" parameterType="java.lang.String" resultType="cn.archer.pojo.Count">
        SELECT  count(*)as'count' FROM childbirth WHERE r_animal LIKE #{0} and fwfenceid LIKE #{1} and czrq between date (#{2}) and date (#{3})
    </select>
    
    <select id="WeaningSelectSearch" parameterType="java.lang.String" resultType="cn.archer.pojo.Childbirth">
        SELECT *  FROM childbirth WHERE r_animal LIKE #{0}and outfenceid LIKE #{1} and dnrq between date(#{2}) and date(#{3}) and zt='2' order by dnrq  desc
    </select>
    
    <select id="WeaningSelectSearchByPage" parameterType="java.lang.String" resultType="cn.archer.pojo.Childbirth">
        SELECT *  FROM childbirth WHERE r_animal LIKE #{0}and outfenceid LIKE #{1} and dnrq between date(#{2}) and date(#{3}) and zt='2' order by dnrq  desc Limit #{4} Offset #{5}
    </select>
        
    <select id="WeaningSelectSearchByCount" parameterType="java.lang.String" resultType="cn.archer.pojo.Count">
        SELECT  count(*)as'count' FROM childbirth WHERE r_animal LIKE #{0} and outfenceid LIKE #{1} and dnrq between date (#{2}) and date (#{3}) and zt='2'
    </select>
    
    <select id="TwoTestSelectSearch" parameterType="java.lang.String" resultType="cn.archer.pojo.TwoTest">
        SELECT *  FROM twoTest WHERE r_animal LIKE #{0} and cdzt LIKE #{1} and fenceid LIKE #{2} and cdrq between date(#{3}) and date(#{4}) order by cdrq  desc
    </select>
    <select id="TwoTestSelectSearchByPage" parameterType="java.lang.String" resultType="cn.archer.pojo.TwoTest">
        SELECT *  FROM twoTest WHERE r_animal LIKE #{0} and cdzt LIKE #{1} and fenceid LIKE #{2} and cdrq between date(#{3}) and date(#{4}) order by cdrq  desc  Limit #{5} Offset #{6}
    </select>
    <select id="TwoTestSelectSearchByCount" parameterType="java.lang.String" resultType="cn.archer.pojo.Count">
        SELECT  count(*)as'count' FROM twoTest WHERE r_animal LIKE #{0} and cdzt LIKE #{1} and fenceid LIKE #{2} and cdrq between date (#{3}) and date (#{4})
    </select>

    <select id="FourTestSelectSearch" parameterType="java.lang.String" resultType="cn.archer.pojo.FourTest">
        SELECT *  FROM fourTest WHERE r_animal LIKE #{0}and cdzt LIKE #{1} and fenceid LIKE #{2} and cdrq between date(#{3}) and date(#{4}) order by cdrq  desc
    </select>
    <select id="FourTestSelectSearchByPage" parameterType="java.lang.String" resultType="cn.archer.pojo.FourTest">
        SELECT *  FROM fourTest WHERE r_animal LIKE #{0}and cdzt LIKE #{1} and fenceid LIKE #{2} and cdrq between date(#{3}) and date(#{4}) order by cdrq  desc  Limit #{5} Offset #{6}
    </select>
    <select id="FourTestSelectSearchByCount" parameterType="java.lang.String" resultType="cn.archer.pojo.Count">
        SELECT  count(*)as'count' FROM fourTest WHERE r_animal LIKE #{0} and cdzt LIKE #{1} and fenceid LIKE #{2} and cdrq between date (#{3}) and date (#{4})
    </select>
    
    
    <select id="SixTestSelectSearch" parameterType="java.lang.String" resultType="cn.archer.pojo.SixTest">
        SELECT *  FROM sixTest WHERE r_animal LIKE #{0}and cdzt LIKE #{1} and fenceid LIKE #{2} and cdrq between date(#{3}) and date(#{4}) order by cdrq  desc
    </select>
    <select id="SixTestSelectSearchByPage" parameterType="java.lang.String" resultType="cn.archer.pojo.SixTest">
        SELECT *  FROM sixTest WHERE r_animal LIKE #{0}and cdzt LIKE #{1} and fenceid LIKE #{2} and cdrq between date(#{3}) and date(#{4}) order by cdrq  desc  Limit #{5} Offset #{6}
    </select>
    <select id="SixTestSelectSearchByCount" parameterType="java.lang.String" resultType="cn.archer.pojo.Count">
        SELECT  count(*)as'count' FROM sixTest WHERE r_animal LIKE #{0} and cdzt LIKE #{1} and fenceid LIKE #{2} and cdrq between date (#{3}) and date (#{4})
    </select>

    <select id="HundredTestSelectSearch" parameterType="java.lang.String" resultType="cn.archer.pojo.HundredTest">
        SELECT *  FROM hundredTest WHERE r_animal LIKE #{0}and cdzt LIKE #{1} and fenceid LIKE #{2} and hundredTest.cdrq between date(#{3}) and date(#{4}) order by cdrq  desc
    </select>
    <select id="HundredTestSelectSearchByPage" parameterType="java.lang.String" resultType="cn.archer.pojo.HundredTest">
        SELECT *  FROM hundredTest WHERE r_animal LIKE #{0}and cdzt LIKE #{1} and fenceid LIKE #{2} and hundredTest.cdrq between date(#{3}) and date(#{4}) order by cdrq  desc  Limit #{5} Offset #{6}
    </select>
    <select id="HundredTestSelectSearchByCount" parameterType="java.lang.String" resultType="cn.archer.pojo.Count">
        SELECT  count(*)as'count' FROM hundredTest WHERE r_animal LIKE #{0} and cdzt LIKE #{1} and fenceid LIKE #{2} and cdrq between date (#{3}) and date (#{4})
    </select>
    <!--    保育猪到生长育肥猪的=是否转换过的快速查询-->
    <select id="ConservationTurnFattingSelectSearchByPage" parameterType="java.lang.String" resultType="cn.archer.pojo.Selebith">
        SELECT *  FROM selebith WHERE r_animal LIKE #{0} and r_pcage LIKE #{1} and nifby='1' and bysj between date(#{2}) and date(#{3}) order by bysj desc Limit #{4} Offset #{5}
    </select>
    <select id="ConservationTurnFattingSelectSearchByCount" parameterType="java.lang.String" resultType="cn.archer.pojo.Count">
        SELECT  count(*)as'count' FROM selebith WHERE r_animal LIKE #{0}  and nifby='1' and r_pcage LIKE #{1} and bysj  between date (#{2}) and date (#{3}) order by bysj desc
    </select>
    
    <select id="ConservationTurnFattingSelectSearch" parameterType="java.lang.String" resultType="cn.archer.pojo.Selebith">
        SELECT *  FROM selebith WHERE r_animal LIKE #{0} and r_pcage LIKE #{1} and nifby='1' and bysj between date(#{2}) and date(#{3}) order by bysj desc
    </select>
    
    <select id="ConservationTurnFatteningSelectSearchByPage02" parameterType="java.lang.String" resultType="cn.archer.pojo.Selebith">
        SELECT *  FROM selebith  WHERE  r_animal LIKE #{0}   and r_pcage LIKE #{1}   and nifby ='0' and r_curmark='2'    and r_fdate  between date(#{2})   and date(#{3}) order by r_fdate  desc Limit #{4} Offset #{5}
    </select>
    <select id="ConservationTurnFatteningSelectSearchByCount02" parameterType="java.lang.String" resultType="cn.archer.pojo.Count">
        SELECT  count(*)as'count' FROM selebith WHERE  r_animal LIKE #{0}    and r_pcage LIKE #{1} and nifby = '0'  and r_curmark='2' and r_fdate between date (#{2})  and date (#{3})  order by r_fdate  desc
    </select>
    <!--    保育猪到生长育肥猪的=是否转换过的快速查询-->
    
    <!--    保育猪到后备肥猪的=是否转换过的快速查询-->
    <select id="ConservationTurnBackSelectSearchByPage" parameterType="java.lang.String" resultType="cn.archer.pojo.Selebith">
        SELECT *  FROM selebith WHERE r_animal LIKE #{0} and r_pcage LIKE #{1} and nifbh='1' and r_predate between date(#{2}) and date(#{3})  order by r_predate  desc    Limit #{4} Offset #{5}  
    </select>
    <select id="ConservationTurnBackSelectSearchByCount" parameterType="java.lang.String" resultType="cn.archer.pojo.Count">
        SELECT  count(*)as'count' FROM selebith WHERE r_animal LIKE #{0}  and nifbh='1' and r_pcage LIKE #{1} and r_predate   between date (#{2}) and date (#{3})   order by r_predate  desc
    </select>
    <select id="ConservationTurnBackSelectSearch" parameterType="java.lang.String" resultType="cn.archer.pojo.Selebith">
        SELECT *  FROM selebith WHERE r_animal LIKE #{0} and r_pcage LIKE #{1} and nifbh='1' and r_predate between date(#{2}) and date(#{3})   order by r_predate  desc
    </select>
    
    <select id="ConservationTurnBackSelectSearchByPage02" parameterType="java.lang.String" resultType="cn.archer.pojo.Selebith">
        SELECT *  FROM selebith  WHERE  r_animal LIKE #{0}   and r_pcage LIKE #{1}   and nifbh ='0'    and r_curmark='2'    and r_fdate  between date(#{2})   and date(#{3}) order by r_fdate  desc Limit #{4} Offset #{5}
    </select>
    <select id="ConservationTurnBackSelectSearchByCount02" parameterType="java.lang.String" resultType="cn.archer.pojo.Count">
        SELECT  count(*)as'count' FROM selebith WHERE  r_animal LIKE #{0} and r_pcage LIKE #{1} and nifbh = '0'  and r_curmark='2'    and r_fdate between date (#{2})  and date (#{3})  order by r_fdate  desc
    </select>
    <!--    保育猪到后备肥猪的=是否转换过的快速查询-->
    
    <!--    哺育猪到保育猪的=是否转换过的快速查询-->
    <select id="FeedingTurnConservationSelectSearchByPage" parameterType="java.lang.String" resultType="cn.archer.pojo.Selebith">
        SELECT *  FROM selebith WHERE r_animal LIKE #{0} and r_pcage LIKE #{1} and nifzb='1'  and r_weandate between date(#{2}) and date(#{3})  order by r_weandate  desc    Limit #{4} Offset #{5}  
    </select>
    <select id="FeedingTurnConservationSelectSearchByCount" parameterType="java.lang.String" resultType="cn.archer.pojo.Count">
        SELECT  count(*)as'count' FROM selebith WHERE r_animal LIKE #{0}  and nifzb='1'  and r_pcage LIKE #{1} and   r_weandate   between date (#{2}) and date (#{3})   order by r_weandate  desc
    </select>
    <select id="FeedingTurnConservationSelectSearch" parameterType="java.lang.String" resultType="cn.archer.pojo.Selebith">
        SELECT *  FROM selebith WHERE r_animal LIKE #{0} and r_pcage LIKE #{1} and nifzb='1'  and r_weandate between date(#{2}) and date(#{3})   order by r_weandate  desc
    </select>
    <!--    哺育猪到保育猪的=是否转换过的快速查询-->
    
    <!--    猪只免疫快速查询-->
    <select id="ZzmySelectSearch" parameterType="java.lang.String" resultType="cn.archer.pojo.Zzmy">
        SELECT  * FROM zzmy WHERE r_animal LIKE #{0}and ztid LIKE #{1} and zsrq between date(#{2}) and date(#{3}) order by zsrq   desc
    </select>
    <select id="ZzmySelectSearchByPage" parameterType="java.lang.String" resultType="cn.archer.pojo.Zzmy">
        SELECT  * FROM zzmy WHERE r_animal LIKE #{0}and ztid LIKE #{1} and zsrq between date(#{2}) and date(#{3}) order by zsrq   desc Limit #{4} Offset #{5}
    </select>
    <select id="ZzmySelectSearchByCount" parameterType="java.lang.String" resultType="cn.archer.pojo.Count">
        SELECT  count(*)as'count' FROM zzmy WHERE r_animal LIKE #{0}and ztid LIKE #{1} and zsrq between date(#{2}) and date(#{3})  order by zsrq   desc
    </select>
    <!--    <select id="ZzmySelectSearch" parameterType="java.lang.String" resultType="cn.archer.pojo.Selebith">
        SELECT *  FROM selebith WHERE selebith.r_animal LIKE #{0} and selebith.r_pcage LIKE #{1} and selebith.nifzb='1' and r_weandate between date(#{2}) and date(#{3})   order by r_weandate  desc
    </select>-->
    
    <select id="pigImmuneSelectSearchByPage02" parameterType="java.lang.String" resultType="cn.archer.pojo.Selebith">
        SELECT *  FROM selebith  WHERE  r_animal LIKE #{0}   and r_pcage LIKE #{1} and r_fdate  between date(#{2})   and date(#{3})  and r_curmark like #{6} order by r_fdate  desc Limit #{4} Offset #{5}
    </select>
    <select id="pigImmuneSelectSearchByCount02" parameterType="java.lang.String" resultType="cn.archer.pojo.Count">
        SELECT  count(*)as'count' FROM selebith WHERE  r_animal LIKE #{0} and r_pcage LIKE #{1} and r_fdate between date (#{2})  and date (#{3}) and r_curmark like #{4} 
    </select>
    <!--    猪只免疫快速查询-->
    
    <select id="JbzlSelectSearch" parameterType="java.lang.String" resultType="cn.archer.pojo.Jbzl">
        SELECT  * FROM jbzl WHERE r_animal LIKE #{0}and ztid LIKE #{1} and zlrq between date(#{2}) and date(#{3}) order by zlrq   desc
    </select>
    <select id="JbzlSelectSearchByPage" parameterType="java.lang.String" resultType="cn.archer.pojo.Jbzl">
        SELECT  * FROM jbzl WHERE r_animal LIKE #{0}and ztid LIKE #{1} and zlrq between date(#{2}) and date(#{3}) order by zlrq   desc Limit #{4} Offset #{5}
    </select>
    <select id="JbzlSelectSearchByCount" parameterType="java.lang.String" resultType="cn.archer.pojo.Count">
        SELECT  count(*)as'count' FROM jbzl WHERE r_animal LIKE #{0}and ztid LIKE #{1} and zlrq between date(#{2}) and date(#{3})  
    </select>
    
    <select id="JyjcSelectSearch" parameterType="java.lang.String" resultType="cn.archer.pojo.Jyjc">
        SELECT  * FROM jyjc WHERE r_animal LIKE #{0}and fenceid LIKE #{1} and jcrq between date(#{2}) and date(#{3}) order by jcrq   desc
    </select>
    <select id="JyjcSelectSearchByPage" parameterType="java.lang.String" resultType="cn.archer.pojo.Jyjc">
        SELECT  * FROM jyjc WHERE r_animal LIKE #{0}and fenceid LIKE #{1} and jcrq between date(#{2}) and date(#{3}) order by jcrq   desc Limit #{4} Offset #{5}
    </select>
    <select id="JyjcSelectSearchByCount" parameterType="java.lang.String" resultType="cn.archer.pojo.Count">
        SELECT  count(*)as'count' FROM jyjc WHERE r_animal LIKE #{0}and fenceid LIKE #{1} and jcrq between date(#{2}) and date(#{3}) 
    </select>

    <select id="TzxncdSelectSearch" parameterType="java.lang.String" resultType="cn.archer.pojo.Tzxncd">
        SELECT  * FROM tzxncd WHERE r_animal LIKE #{0}and fenceid LIKE #{1} and cdrq between date(#{2}) and date(#{3}) order by cdrq   desc
    </select>
    <select id="TzxncdSelectSearchByPage" parameterType="java.lang.String" resultType="cn.archer.pojo.Tzxncd">
        SELECT  * FROM tzxncd WHERE r_animal LIKE #{0}and fenceid LIKE #{1} and cdrq between date(#{2}) and date(#{3}) order by cdrq   desc Limit #{4} Offset #{5}
    </select>
    <select id="TzxncdSelectSearchByCount" parameterType="java.lang.String" resultType="cn.archer.pojo.Count">
        SELECT  count(*)as'count' FROM tzxncd WHERE r_animal LIKE #{0}and fenceid LIKE #{1} and cdrq between date(#{2}) and date(#{3}) 
    </select>

    <select id="ZzxsSelectSearch" parameterType="java.lang.String" resultType="cn.archer.pojo.Zzxs">
        SELECT  * FROM zzxs WHERE xsrq between date(#{0}) and date(#{1}) order by xsrq   desc
    </select>
    <select id="ZzxsSelectSearchByPage" parameterType="java.lang.String" resultType="cn.archer.pojo.Zzxs">
        SELECT  * FROM zzxs WHERE xsrq between date(#{0}) and date(#{1}) order by xsrq   desc Limit #{2} Offset #{3}
    </select>
    <select id="ZzxsSelectSearchByCount" parameterType="java.lang.String" resultType="cn.archer.pojo.Count">
        SELECT  count(*)as'count' FROM zzxs WHERE xsrq between date(#{0}) and date(#{1}) 
    </select>
    
    <select id="ZzswSelectSearch" parameterType="java.lang.String" resultType="cn.archer.pojo.Zzsw">
        SELECT  * FROM zzsw WHERE r_animal LIKE #{0}and fenceid LIKE #{1} and swrq between date(#{2}) and date(#{3}) order by swrq   desc
    </select>
    <select id="ZzswSelectSearchByPage" parameterType="java.lang.String" resultType="cn.archer.pojo.Zzsw">
        SELECT  * FROM zzsw WHERE r_animal LIKE #{0}and fenceid LIKE #{1} and swrq between date(#{2}) and date(#{3}) order by swrq   desc Limit #{4} Offset #{5}
    </select>
    <select id="ZzswSelectSearchByCount" parameterType="java.lang.String" resultType="cn.archer.pojo.Count">
        SELECT  count(*)as'count' FROM zzsw WHERE r_animal LIKE #{0}and fenceid LIKE #{1} and swrq between date(#{2}) and date(#{3}) 
    </select>
    
    <select id="SlrkSelectSearch" parameterType="java.lang.String" resultType="cn.archer.pojo.Slrk">
        SELECT  * FROM slrk WHERE rksj between date(#{0}) and date(#{1}) order by rksj   desc
    </select>
    <select id="SlrkSelectSearchByPage" parameterType="java.lang.String" resultType="cn.archer.pojo.Slrk">
        SELECT  * FROM slrk WHERE rksj between date(#{0}) and date(#{1}) order by rksj   desc Limit #{2} Offset #{3}
    </select>
    <select id="SlrkSelectSearchByCount" parameterType="java.lang.String" resultType="cn.archer.pojo.Count">
        SELECT  count(*)as'count' FROM slrk WHERE rksj between date(#{0}) and date(#{1}) 
    </select>
    
    <select id="SlckSelectSearch" parameterType="java.lang.String" resultType="cn.archer.pojo.Slck">
        SELECT  * FROM slck WHERE number LIKE #{0} and cksj between date(#{1}) and date(#{2}) order by cksj   desc
    </select>
    <select id="SlckSelectSearchByPage" parameterType="java.lang.String" resultType="cn.archer.pojo.Slck">
        SELECT  * FROM slck WHERE number LIKE #{0} and cksj between date(#{1}) and date(#{2}) order by cksj   desc Limit #{3} Offset #{4}
    </select>
    <select id="SlckSelectSearchByCount" parameterType="java.lang.String" resultType="cn.archer.pojo.Count">
        SELECT  count(*)as'count' FROM slck WHERE number LIKE #{0} and cksj between date(#{1}) and date(#{2}) 
    </select>
    
    <select id="YprkSelectSearch" parameterType="java.lang.String" resultType="cn.archer.pojo.Yprk">
        SELECT  * FROM yprk WHERE rksj between date(#{0}) and date(#{1}) order by rksj   desc
    </select>
    <select id="YprkSelectSearchByPage" parameterType="java.lang.String" resultType="cn.archer.pojo.Yprk">
        SELECT  * FROM yprk WHERE rksj between date(#{0}) and date(#{1}) order by rksj   desc Limit #{2} Offset #{3}
    </select>
    <select id="YprkSelectSearchByCount" parameterType="java.lang.String" resultType="cn.archer.pojo.Count">
        SELECT  count(*)as'count' FROM yprk WHERE rksj between date(#{0}) and date(#{1}) 
    </select>
    
    <select id="YpckSelectSearch" parameterType="java.lang.String" resultType="cn.archer.pojo.Ypck">
        SELECT  * FROM ypck WHERE number LIKE #{0} and cksj between date(#{1}) and date(#{2}) order by cksj   desc
    </select>
    <select id="YpckSelectSearchByPage" parameterType="java.lang.String" resultType="cn.archer.pojo.Ypck">
        SELECT  * FROM ypck WHERE number LIKE #{0} and cksj between date(#{1}) and date(#{2}) order by cksj   desc Limit #{3} Offset #{4}
    </select>
    <select id="YpckSelectSearchByCount" parameterType="java.lang.String" resultType="cn.archer.pojo.Count">
        SELECT  count(*)as'count' FROM ypck WHERE number LIKE #{0} and cksj between date(#{1}) and date(#{2}) 
    </select>

    <select id="YmrkSelectSearch" parameterType="java.lang.String" resultType="cn.archer.pojo.Ymrk">
        SELECT  * FROM ymrk WHERE rksj between date(#{0}) and date(#{1}) order by rksj   desc
    </select>
    <select id="YmrkSelectSearchByPage" parameterType="java.lang.String" resultType="cn.archer.pojo.Ymrk">
        SELECT  * FROM ymrk WHERE rksj between date(#{0}) and date(#{1}) order by rksj   desc Limit #{2} Offset #{3}
    </select>
    <select id="YmrkSelectSearchByCount" parameterType="java.lang.String" resultType="cn.archer.pojo.Count">
        SELECT  count(*)as'count' FROM ymrk WHERE rksj between date(#{0}) and date(#{1}) 
    </select>


    <select id="YmckSelectSearch" parameterType="java.lang.String" resultType="cn.archer.pojo.Ymck">
        SELECT  * FROM ymck WHERE number LIKE #{0} and cksj between date(#{1}) and date(#{2}) order by cksj   desc
    </select>
    <select id="YmckSelectSearchByPage" parameterType="java.lang.String" resultType="cn.archer.pojo.Ymck">
        SELECT  * FROM ymck WHERE number LIKE #{0} and cksj between date(#{1}) and date(#{2}) order by cksj   desc Limit #{3} Offset #{4}
    </select>
    <select id="YmckSelectSearchByCount" parameterType="java.lang.String" resultType="cn.archer.pojo.Count">
        SELECT  count(*)as'count' FROM ymck WHERE number LIKE #{0} and cksj between date(#{1}) and date(#{2}) 
    </select>

</mapper>
