<?xml version="1.0" encoding="UTF-8" ?>
<!DOCTYPE mapper    
PUBLIC "-//mybatis.org//DTD Mapper 3.0//EN"    
"http://mybatis.org/dtd/mybatis-3-mapper.dtd">
<!-- namespace：此时用mapper代理方式，它的值必须等于对应mapper接口的全限定名  -->
<mapper namespace="cn.archer.mapper.SelebithMapper">
    <insert id="insert"  parameterType="cn.archer.pojo.Selebith">
        INSERT INTO selebith(
        r_lineid,r_herd,r_house,r_fdate,
        r_ear_no,r_animal,r_curmark,r_cage,
        r_pcage,r_sex,r_bthwt,r_dam,
        r_sire,r_lsize,r_nipple1,r_nipple2,
        r_ghatch,r_fno,r_weanwt,r_date,
        r_ldate,r_note,gzcjcs,r_select,
        nifbh,nifzb,nifby,nifhb,
        iftwo,iffour,ifsix,If100kg,czzs,sfzz
        
        )
        VALUES (
        #{r_lineid},#{r_herd},#{r_house},#{r_fdate},
        #{r_ear_no},#{r_animal},#{r_curmark}, #{r_cage}
        ,#{r_pcage}, #{r_sex},#{r_bthwt},#{r_dam},
        #{r_sire},#{r_lsize},#{r_nipple1},#{r_nipple2},
        #{r_ghatch},#{r_fno},#{r_weanwt},#{r_date},
        #{r_ldate},#{r_note},#{gzcjcs},#{r_select},
        #{nifbh},#{nifzb},#{nifby},#{nifhb},
        #{iftwo},#{iffour},#{ifsix},#{If100kg},#{czzs},#{sfzz})
    </insert>
    <select id="selectAll" resultType="cn.archer.pojo.Selebith">
        select * FROM selebith
    </select>
    <select id="selectByTypeid" parameterType="String"  resultType="cn.archer.pojo.Selebith">
        select * from selebith where r_animal = #{0}
    </select>
    
    <select id="selectById" parameterType="String"  resultType="cn.archer.pojo.Selebith">
        select * from selebith where r_animal LIKE #{0}
    </select>
    <delete id="deleteByTypeid" parameterType="String">
        delete from selebith where r_animal=#{0}
    </delete>
    <update id="updateByTypeid" parameterType="cn.archer.pojo.Selebith">
        update selebith set r_lineid=#{ r_lineid},r_herd=#{r_herd}, 
        r_house=#{r_house},r_fdate=#{r_fdate},r_ear_no=#{r_ear_no},r_animal=#{r_animal},
        r_curmark=#{r_curmark},r_cage=#{r_cage},r_pcage=#{r_pcage},r_sex=#{r_sex},
        r_bthwt=#{r_bthwt},r_dam=#{r_dam},r_sire=#{r_sire},r_lsize=#{r_lsize},
        r_nipple1=#{r_nipple1},r_nipple2=#{r_nipple2},r_ghatch=#{r_ghatch},r_fno=#{r_fno},
        r_weanwt=#{r_weanwt},r_date=#{r_date},r_ldate=#{r_ldate},r_note=#{r_note},gzcjcs=#{gzcjcs},
        gzcjcs=#{gzcjcs},r_select=#{r_select},nifbh=#{nifbh},nifzb=#{nifzb},nifby=#{nifby},nifhb=#{nifhb},
        iftwo=#{iftwo},iffour=#{iffour},ifsix=#{ifsix},If100kg=#{If100kg},
        r_weandate=#{r_weandate},zbffenceid=#{zbffenceid},zbafenceid=#{zbafenceid},zbfzr=#{zbfzr},
        dqpzgzid=#{dqpzgzid},czzs=#{czzs},sfzz=#{sfzz}
        where r_animal=#{r_animal}
            
    </update>
    <select id="SelebithSelectByDate" parameterType="java.lang.String" resultType="cn.archer.pojo.Selebith">
        SELECT * from selebith WHERE selebith.r_fdate BETWEEN date(#{0}) AND date(#{1}) order by selebith.r_fdate desc
    </select>
    <select id="selectByIdPage" parameterType="java.lang.Integer" resultType="cn.archer.pojo.Selebith">
        SELECT * from selebith order by selebith.r_fdate desc Limit #{0} Offset #{1}
    </select>
    <select id="selectCount"  resultType="cn.archer.pojo.Count">
        SELECT count(*) as'count' from selebith
    </select>
    <update id="updateTwo" parameterType="java.lang.String">
        update selebith set iftwo=1 where r_animal=#{0}
    </update>
    
    <update id="updateZT" parameterType="java.lang.String">
        update selebith set r_curmark=#{0},xssj=#{2}where r_animal=#{1}
    </update>
    <update id="updateZTT" parameterType="java.lang.String">
        update selebith set r_curmark=#{0},ttsj=#{2}where r_animal=#{1}
    </update>
    
    <update id="updateT" parameterType="cn.archer.pojo.ShengZYF">
        
        update selebith set iftwo=#{iftwo},r_curmark=#{r_curmark},r_pcage=#{r_pcage},nifhb=#{nifhb},hyffenceid=#{hyffenceid},hyafenceid=#{hyafenceid},hysj=#{hysj},hyfzr=#{hyfzr}  where r_animal=#{r_animal}
    </update>
    <update id="updateFour" parameterType="java.lang.String">
        update selebith set iffour=1 where r_animal=#{0}
    </update>
    
    <update id="updateSix" parameterType="java.lang.String">
        update selebith set ifsix=1 where r_animal=#{0}
    </update>
    
    <update id="updateF" parameterType="cn.archer.pojo.ShengZYF">
        
        update selebith set iffour=#{iftwo},r_curmark=#{r_curmark},r_pcage=#{r_pcage},nifhb=#{nifhb},hyffenceid=#{hyffenceid},hyafenceid=#{hyafenceid},hysj=#{hysj},hyfzr=#{hyfzr}  where r_animal=#{r_animal}
    </update>
    
    <update id="updateS" parameterType="cn.archer.pojo.ShengZYF">
        
        update selebith set ifsix=#{iftwo},r_curmark=#{r_curmark},r_pcage=#{r_pcage},nifhb=#{nifhb},hyffenceid=#{hyffenceid},hyafenceid=#{hyafenceid},hysj=#{hysj},hyfzr=#{hyfzr}  where r_animal=#{r_animal}
    </update>
    
    <update id="updateH" parameterType="cn.archer.pojo.ShengZYF">
        
        update selebith set if100kg=#{iftwo},r_curmark=#{r_curmark},r_pcage=#{r_pcage},nifhb=#{nifhb},hyffenceid=#{hyffenceid},hyafenceid=#{hyafenceid},hysj=#{hysj},hyfzr=#{hyfzr}  where r_animal=#{r_animal}
    </update>
    
    <update id="updateHundred" parameterType="cn.archer.pojo.ShengZYF">
        
        update selebith set sfzz=#{sfzz},if100kg=#{iftwo},r_pcage=#{r_pcage},r_curmark=#{r_curmark},hyffenceid=#{hyffenceid},hyafenceid=#{hyafenceid} where r_animal=#{r_animal}
    </update>

</mapper>
