<?xml version="1.0" encoding="UTF-8" ?>
<!DOCTYPE mapper    
PUBLIC "-//mybatis.org//DTD Mapper 3.0//EN"    
"http://mybatis.org/dtd/mybatis-3-mapper.dtd">
<!-- namespace：此时用mapper代理方式，它的值必须等于对应mapper接口的全限定名  -->
<mapper namespace="cn.archer.mapper.SlckMapper">
    <insert id="insert"  parameterType="cn.archer.pojo.Slck">
        INSERT INTO slck(id,cksj,number,typeid,sl,sldw,employeeid,bz)
        VALUES (#{id},#{cksj},#{number},#{typeid},#{sl},#{sldw},#{employeeid},#{bz})
    </insert>
        
    <select id="selectAll" resultType="cn.archer.pojo.Slck">
        select * FROM slck
    </select>
    <select id="selectByid" parameterType="java.lang.String"  resultType="cn.archer.pojo.Slck">
        select * from slck where id=#{0}
            
    </select>
    <delete id="deleteByid" parameterType="java.lang.String">
        delete from slck where id=#{0}
            
    </delete>
    <update id="updateByid" parameterType="cn.archer.pojo.Slck">
        update slck set cksj=#{cksj},number=#{number},typeid=#{typeid},sl=#{sl},sldw=#{sldw},employeeid=#{employeeid},bz=#{bz} where id=#{id}
    </update>
    <select id="SlckSelectByDate" parameterType="java.lang.String" resultType="cn.archer.pojo.Slck">
        SELECT * from slck WHERE slck.cksj BETWEEN date(#{0}) AND date(#{1}) order by slck.cksj desc
        
    </select>
    <select id="selectByIdPage" parameterType="java.lang.Integer" resultType="cn.archer.pojo.Slck">
        SELECT * from slck order by slck.cksj desc Limit #{0} Offset #{1}
        
    </select>
    <select id="selectCount"  resultType="cn.archer.pojo.Count">
        SELECT count(*)as'count' from slck
        
    </select>

    
    
    
</mapper>
