<?xml version="1.0" encoding="UTF-8" ?>
<!DOCTYPE mapper    
PUBLIC "-//mybatis.org//DTD Mapper 3.0//EN"    
"http://mybatis.org/dtd/mybatis-3-mapper.dtd">
<!-- namespace：此时用mapper代理方式，它的值必须等于对应mapper接口的全限定名  -->
<mapper namespace="cn.archer.mapper.SlkcMapper">
    <insert id="insert"  parameterType="cn.archer.pojo.Slkc">
        INSERT INTO slkc(num,typeid)
        VALUES (#{num},#{typeid})
    </insert>
        
    <select id="selectAll" resultType="cn.archer.pojo.Slkc">
        select * FROM slkc
    </select>
    <select id="selectByid" parameterType="java.lang.String"  resultType="cn.archer.pojo.Slkc">
        select * from slkc where typeid=#{0}
            
    </select>
    <delete id="deleteByid" parameterType="java.lang.String">
        delete from slkc where typeid=#{0}
            
    </delete>
    <update id="updateByid" parameterType="cn.archer.pojo.Slkc">
        update slkc set num=#{num} where typeid=#{typeid}
    </update>

</mapper>
