<?xml version="1.0" encoding="UTF-8" ?>
<!DOCTYPE mapper    
PUBLIC "-//mybatis.org//DTD Mapper 3.0//EN"    
"http://mybatis.org/dtd/mybatis-3-mapper.dtd">
<!-- namespace：此时用mapper代理方式，它的值必须等于对应mapper接口的全限定名  -->
<mapper namespace="cn.archer.mapper.SllbMapper">
    <insert id="insert"  parameterType="cn.archer.pojo.Sllb">
        INSERT INTO sllb(typeid,typename)
        VALUES (#{typeid},#{typename})
    </insert>
        
    <select id="selectAll" resultType="cn.archer.pojo.Sllb">
        select * FROM sllb
    </select>
    <select id="selectByid" parameterType="String"  resultType="cn.archer.pojo.Sllb">
        select * from sllb where typeid=#{0}
            
    </select>
    <delete id="deleteByid" parameterType="String">
        delete from sllb where typeid=#{0}
            
    </delete>
    <update id="updateByid" parameterType="cn.archer.pojo.Sllb">
        update sllb set typename=#{typename} where typeid=#{typeid}
            
    </update>
    
</mapper>
