<?xml version="1.0" encoding="UTF-8" ?>
<!DOCTYPE mapper    
PUBLIC "-//mybatis.org//DTD Mapper 3.0//EN"    
"http://mybatis.org/dtd/mybatis-3-mapper.dtd">
<!-- namespace：此时用mapper代理方式，它的值必须等于对应mapper接口的全限定名  -->
<mapper namespace="cn.archer.mapper.SwintypeMapper">
    <insert id="insert"  parameterType="cn.archer.pojo.Swintype">
        INSERT INTO swintype(typeid,typename,totypeid)
        VALUES (#{typeid},#{typename},#{totypeid})
    </insert>
        
    <select id="selectAll" resultType="cn.archer.pojo.Swintype">
        select * FROM swintype
    </select>
    <select id="selectByTypeid" parameterType="String"  resultType="cn.archer.pojo.Swintype">
        select * from swintype where typeid=#{0}
            
    </select>
    <delete id="deleteByTypeid" parameterType="String">
        delete from swintype where typeid=#{0}
            
    </delete>
    <update id="updateByTypeid" parameterType="cn.archer.pojo.Swintype">
        update swintype set typename=#{typename},totypeid=#{totypeid} where typeid=#{typeid}
            
    </update>
    <select id="selectZzAll" resultType="cn.archer.pojo.Swintype">
        select * FROM swintype where typeid='5' or typeid='6' or typeid='7' or typeid='8' or typeid='9';
    </select>
    
    
</mapper>
