<?xml version="1.0" encoding="UTF-8" ?>
<!DOCTYPE mapper    
PUBLIC "-//mybatis.org//DTD Mapper 3.0//EN"    
"http://mybatis.org/dtd/mybatis-3-mapper.dtd">
<!-- namespace：此时用mapper代理方式，它的值必须等于对应mapper接口的全限定名  -->
<mapper namespace="cn.archer.mapper.TakespermMapper">
    <insert id="insert"  parameterType="cn.archer.pojo.Takesperm">
        INSERT INTO takesperm(id,r_animal,cjrq,cjcs,cjsl,cjmd,cjhl,cjjl,employeeid,bz)
        VALUES (#{id},#{r_animal},#{cjrq},#{cjcs},#{cjsl},#{cjmd},#{cjhl},#{cjjl},#{employeeid},#{bz})
    </insert>
        
    <select id="selectAll" resultType="cn.archer.pojo.Takesperm">
        select * FROM takesperm
    </select>
    <select id="selectByid" parameterType="String"  resultType="cn.archer.pojo.Takesperm">
        select * from takesperm where id=#{0}
            
    </select>
    <select id="selecByZzid" parameterType="String"  resultType="cn.archer.pojo.Selebith">
        select * from selebith where r_animal LIKE #{0} and r_curmark = '9';
            
    </select>
    <delete id="deleteByid" parameterType="String">
        delete from takesperm where id=#{0}
            
    </delete>
    <update id="updateByid" parameterType="cn.archer.pojo.Takesperm">
        update takesperm set cjrq=#{cjrq},cjcs=#{cjcs},cjsl=#{cjsl},cjmd=#{cjmd},cjhl=#{cjhl},cjjl=#{cjjl},employeeid=#{employeeid},bz=#{bz} where id=#{id}
            
    </update>
    <select id="TakespermSelectByDate" parameterType="java.lang.String" resultType="cn.archer.pojo.Takesperm">
        SELECT * from takesperm WHERE takesperm.cjrq BETWEEN date(#{0}) AND date(#{1}) order by takesperm.cjrq desc
        
    </select>
    <select id="selectByIdPage" parameterType="java.lang.Integer" resultType="cn.archer.pojo.Takesperm">
        SELECT * from takesperm order by takesperm.cjrq desc Limit #{0} Offset #{1}
        
    </select>
    <select id="selectCount"  resultType="cn.archer.pojo.Count">
        SELECT count(*)as'count' from takesperm
        
    </select>
    
    
</mapper>
