<?xml version="1.0" encoding="UTF-8" ?>
<!DOCTYPE mapper    
PUBLIC "-//mybatis.org//DTD Mapper 3.0//EN"    
"http://mybatis.org/dtd/mybatis-3-mapper.dtd">
<!-- namespace：此时用mapper代理方式，它的值必须等于对应mapper接口的全限定名  -->
<mapper namespace="cn.archer.mapper.TjMapper">
    <select id="selectById" parameterType="String"  resultType="String">
        select r_animal from selebith where r_animal LIKE #{0}
    </select>
    <select id="selectPzcs"  resultType="cn.archer.pojo.Count">
        select count(*)as'count' from breeding where (pzzt = '2' or pzzt = '3')  and  pzrq between date(#{0}) and date(#{1}) and breeding.r_animal LIKE #{2} and breeding.fenceid LIKE #{3} and breeding.employeeid LIKE #{4}
    </select>
    <select id="selectPzcsday"  resultType="cn.archer.pojo.Count">
        select substr(pzrq,3,8) as 'days',count(*)as'count' from breeding where (pzzt = '2' or pzzt = '3')  and pzrq between date(#{0}) and date(#{1}) and r_animal LIKE #{2} and fenceid LIKE #{3} and employeeid LIKE #{4} group by pzrq order by pzrq asc;    
    </select>
    <select id="selectPzcsmonth"  resultType="cn.archer.pojo.Count">
        select substr(pzrq,3,5) as 'months',count(*)as'count' from breeding where (pzzt = '2' or pzzt = '3') and pzrq between date(#{0}) and date(#{1}) and r_animal like #{2} and fenceid like #{3} and employeeid like #{4} group by substr(pzrq,1,7) order by pzrq asc;    
    </select>
    <select id="selectPzcsyear"  resultType="cn.archer.pojo.Count">
        select substr(fqrq,1,4) as 'years',count(*)as'count' from breeding where (pzzt = '2' or pzzt = '3') and pzrq between date(#{0}) and date(#{1}) and r_animal like #{2} and fenceid like #{3} and employeeid like #{4} group by substr(pzrq,1,4) order by pzrq asc;    
    </select>
    <select id="selectPzcs2"  resultType="cn.archer.pojo.Count">
        select count(*)as'count' from breeding where (pzzt = '2' or pzzt = '3')  and  pzrq between date(#{0}) and date(#{1}) and breeding.r_animal LIKE #{2} and breeding.outfenceid LIKE #{3} and breeding.employeeid LIKE #{4}
    </select>
    <select id="selectPzcs2day"  resultType="cn.archer.pojo.Count">
        select substr(pzrq,3,8) as 'days',count(*)as'count' from breeding where (pzzt = '2' or pzzt = '3')  and pzrq between date(#{0}) and date(#{1}) and r_animal LIKE #{2} and outfenceid LIKE #{3} and employeeid LIKE #{4} group by pzrq order by pzrq asc;    
    </select>
    <select id="selectPzcs2month"  resultType="cn.archer.pojo.Count">
        select substr(pzrq,3,5) as 'months',count(*)as'count' from breeding where (pzzt = '2' or pzzt = '3') and pzrq between date(#{0}) and date(#{1}) and r_animal like #{2} and outfenceid like #{3} and employeeid like #{4} group by substr(pzrq,1,7) order by pzrq asc;    
    </select>
    <select id="selectPzcs2year"  resultType="cn.archer.pojo.Count">
        select substr(fqrq,1,4) as 'years',count(*)as'count' from breeding where (pzzt = '2' or pzzt = '3') and pzrq between date(#{0}) and date(#{1}) and r_animal like #{2} and outfenceid like #{3} and employeeid like #{4} group by substr(pzrq,1,4) order by pzrq asc;    
    </select>
    <select id="selectFqcs"  resultType="cn.archer.pojo.Count">
        select count(*)as'count' from breeding where pzzt = '3' and pzrq between date(#{0}) and date(#{1}) and breeding.r_animal LIKE #{2} and breeding.fenceid LIKE #{3} and breeding.employeeid LIKE #{4}
    </select>
    <select id="selectFqcsday"  resultType="cn.archer.pojo.Count">
        select substr(pzrq,3,8) as 'days',count(*)as'count' from breeding where pzzt = '3' and pzrq between date(#{0}) and date(#{1}) and r_animal like #{2} and fenceid like #{3} and employeeid like #{4} group by pzrq order by pzrq asc;
    </select>
    <select id="selectFqcsmonth"  resultType="cn.archer.pojo.Count">
        select substr(pzrq,3,5) as 'months',count(*)as'count' from breeding where pzzt = '3' and pzrq between date(#{0}) and date(#{1}) and r_animal like #{2} and fenceid like #{3} and employeeid like #{4} group by substr(pzrq,1,7) order by pzrq asc;
    </select>
    <select id="selectFqcsyear"  resultType="cn.archer.pojo.Count">
        select substr(fqrq,1,4) as 'years',count(*)as'count' from breeding where pzzt = '3' and pzrq between date(#{0}) and date(#{1}) and r_animal like #{2} and fenceid like #{3} and employeeid like #{4} group by substr(pzrq,1,4) order by pzrq asc;
    </select>
    <select id="selectRscs"  resultType="cn.archer.pojo.Count">
        select count(*)as'count' from breeding where pzzt = '2' and breeding.pzrq between date(#{0}) and date(#{1}) and breeding.r_animal LIKE #{2} and breeding.outfenceid LIKE #{3} and breeding.employeeid LIKE #{4} 
    </select>
    <select id="selectRscsday"  resultType="cn.archer.pojo.Count">
        select substr(pzrq,3,8) as 'days',count(*)as'count' from breeding where pzzt = '2' and pzrq between date(#{0}) and date(#{1}) and r_animal like #{2} and outfenceid like #{3} and employeeid like #{4} group by pzrq order by pzrq asc;    
    </select>
    <select id="selectRscsmonth"  resultType="cn.archer.pojo.Count">
        select substr(pzrq,3,5) as 'months',count(*)as'count' from breeding where pzzt = '2' and pzrq between date(#{0}) and date(#{1}) and r_animal like #{2} and outfenceid like #{3} and employeeid like #{4} group by substr(pzrq,1,7) order by pzrq asc;    
    </select>
    <select id="selectRscsyear"  resultType="cn.archer.pojo.Count">
        select substr(pzrq,1,4) as 'years',count(*)as'count' from breeding where pzzt = '2' and pzrq between date(#{0}) and date(#{1}) and r_animal like #{2} and outfenceid like #{3} and employeeid like #{4} group by substr(pzrq,1,4) order by pzrq asc;    
    </select>
    <select id="selectFmcs"  resultType="cn.archer.pojo.Count">
        SELECT
        count(*) AS 'count'
        FROM
        breeding
        WHERE
        pzzt = '2'
        AND breeding.pzrq BETWEEN date(#{ 0 })
        AND date(#{ 1 })
        AND breeding.r_animal LIKE #{ 2 }
        AND breeding.outfenceid LIKE #{ 3 }
        AND breeding.employeeid LIKE #{ 4 }
        AND breeding.r_animal IN(
        SELECT
        childbirth.r_animal
        FROM
        childbirth
        WHERE
        childbirth.czrq BETWEEN date(#{ 5 })
        AND date(#{ 6 })
        )
    </select>
    <select id="selectFmcsday"  resultType="cn.archer.pojo.Count">
        SELECT
        substr(pzrq, 3, 8) AS 'days',
        count(*) AS 'count'
        FROM
        breeding
        WHERE
        pzzt = '2'
        AND pzrq BETWEEN date(#{ 0 })
        AND date(#{ 1 })
        AND r_animal LIKE #{ 2 }
        AND outfenceid LIKE #{ 3 }
        AND employeeid LIKE #{ 4 }
        AND breeding.r_animal IN (
        SELECT
        childbirth.r_animal
        FROM
        childbirth
        WHERE
        childbirth.czrq BETWEEN date(#{ 5 })
        AND date(#{ 6 })
        )
        GROUP BY
        pzrq
        ORDER BY
        pzrq ASC; 
    </select>
    <select id="selectFmcsmonth"  resultType="cn.archer.pojo.Count">
        SELECT
        substr(pzrq, 3, 5) AS 'months',
        count(*) AS 'count'
        FROM
        breeding
        WHERE
        pzzt = '2'
        AND pzrq BETWEEN date(#{ 0 })
        AND date(#{ 1 })
        AND r_animal LIKE #{ 2 }
        AND outfenceid LIKE #{ 3 }
        AND employeeid LIKE #{ 4 }
        AND breeding.r_animal IN (
        SELECT
        childbirth.r_animal
        FROM
        childbirth
        WHERE
        childbirth.czrq BETWEEN date(#{ 5 })
        AND date(#{ 6 })
        )
        GROUP BY
        substr(pzrq, 1, 7)
        ORDER BY
        pzrq ASC;
    </select>
    <select id="selectFmcsyear"  resultType="cn.archer.pojo.Count">
        SELECT
        substr(pzrq,1,4) AS 'years',
        count(*) AS 'count'
        FROM
        breeding
        WHERE
        pzzt = '2'
        AND pzrq BETWEEN date(#{ 0 })
        AND date(#{ 1 })
        AND r_animal LIKE #{ 2 }
        AND outfenceid LIKE #{ 3 }
        AND employeeid LIKE #{ 4 }
        AND breeding.r_animal IN (
        SELECT
        childbirth.r_animal
        FROM
        childbirth
        WHERE
        childbirth.czrq BETWEEN date(#{ 5 })
        AND date(#{ 6 })
        )
        GROUP BY
        substr(pzrq,1,4)
        ORDER BY
        pzrq ASC;
    </select>
    <select id="selectFmts"  resultType="cn.archer.pojo.Count">
        select count(*)as'count' from childbirth where childbirth.czrq between date(#{0}) and date(#{1}) and childbirth.r_animal LIKE #{2} and childbirth.fenceid LIKE #{3} and childbirth.fwemployeeid LIKE #{4}
    </select>
    <select id="selectFmtsday"  resultType="cn.archer.pojo.Count">
        select substr(czrq,3,8) as 'days',count(*) as'count' from childbirth where czrq between date(#{0}) and date(#{1}) and r_animal like #{2} and fenceid like #{3} and fwemployeeid like #{4} group by czrq order by czrq asc;    
    </select>
    <select id="selectFmtsmonth"  resultType="cn.archer.pojo.Count">
        select substr(czrq,3,5) as 'months',count(*) as'count' from childbirth where czrq between date(#{0}) and date(#{1}) and r_animal like #{2} and fenceid like #{3} and fwemployeeid like #{4} group by substr(czrq,1,7) order by czrq asc;    
    </select>
    <select id="selectFmtsyear"  resultType="cn.archer.pojo.Count">
        select substr(czrq,1,4) as 'years',count(*) as'count' from childbirth where czrq between date(#{0}) and date(#{1}) and r_animal like #{2} and fenceid like #{3} and fwemployeeid like #{4} group by substr(czrq,1,4) order by czrq asc;    
    </select>
    <select id="selectFmzzs"  resultType="cn.archer.pojo.Count">
        select sum(zczs)as'count' from childbirth where childbirth.czrq between date(#{0}) and date(#{1}) and childbirth.r_animal LIKE #{2} and childbirth.fenceid LIKE #{3} and childbirth.fwemployeeid LIKE #{4}
    </select>
    <select id="selectFmzzsday"  resultType="cn.archer.pojo.Count">
        select substr(czrq,3,8) as 'days', sum(zczs)as'count' from childbirth where czrq between date(#{0}) and date(#{1}) and r_animal LIKE #{2} and fenceid LIKE #{3} and fwemployeeid LIKE #{4} group by czrq order by czrq asc;
    </select>
    <select id="selectFmzzsmonth"  resultType="cn.archer.pojo.Count">
        select substr(czrq,3,5) as 'months', sum(zczs)as'count' from childbirth where czrq between date(#{0}) and date(#{1}) and r_animal LIKE #{2} and fenceid LIKE #{3} and fwemployeeid LIKE #{4} group by substr(czrq,1,7) order by czrq asc;
    </select>
    <select id="selectFmzzsyear"  resultType="cn.archer.pojo.Count">
        select substr(czrq,1,4) as 'years', sum(zczs)as'count' from childbirth where czrq between date(#{0}) and date(#{1}) and r_animal LIKE #{2} and fenceid LIKE #{3} and fwemployeeid LIKE #{4} group by substr(czrq,1,4) order by czrq asc;
    </select>
    
    <select id="selectFmhzs"  resultType="cn.archer.pojo.Count">
        select sum(czhs)as'count' from childbirth where childbirth.czrq between date(#{0}) and date(#{1}) and childbirth.r_animal LIKE #{2} and childbirth.fenceid LIKE #{3} and childbirth.fwemployeeid LIKE #{4}
    </select>
    <select id="selectFmhzsday"  resultType="cn.archer.pojo.Count">
        select substr(czrq,3,8) as 'days',sum(czhs)as'count' from childbirth where childbirth.czrq between date(#{0}) and date(#{1}) and childbirth.r_animal LIKE #{2} and childbirth.fenceid LIKE #{3} and childbirth.fwemployeeid LIKE #{4} group by czrq order by czrq asc;
    </select>
    <select id="selectFmhzsmonth"  resultType="cn.archer.pojo.Count">
        select substr(czrq,3,5) as 'months',sum(czhs)as'count' from childbirth where childbirth.czrq between date(#{0}) and date(#{1}) and childbirth.r_animal LIKE #{2} and childbirth.fenceid LIKE #{3} and childbirth.fwemployeeid LIKE #{4} group by substr(czrq,1,7) order by czrq asc;
    </select>
    <select id="selectFmhzsyear"  resultType="cn.archer.pojo.Count">
        select substr(czrq,1,4) as 'years',sum(czhs)as'count' from childbirth where childbirth.czrq between date(#{0}) and date(#{1}) and childbirth.r_animal LIKE #{2} and childbirth.fenceid LIKE #{3} and childbirth.fwemployeeid LIKE #{4} group by substr(czrq,1,4) order by czrq asc;
    </select>
        
    <select id="selectCswzz"  resultType="cn.archer.pojo.Count">
        select sum(cswz)as'count' from childbirth where childbirth.czrq between date(#{0}) and date(#{1}) and childbirth.r_animal LIKE #{2} and childbirth.fenceid LIKE #{3} and childbirth.fwemployeeid LIKE #{4}
    </select>
    <select id="selectCswzzday"  resultType="cn.archer.pojo.Count">
        select substr(czrq,3,8) as 'days',sum(cswz)as'count' from childbirth where childbirth.czrq between date(#{0}) and date(#{1}) and childbirth.r_animal LIKE #{2} and childbirth.fenceid LIKE #{3} and childbirth.fwemployeeid LIKE #{4} group by czrq order by czrq asc;
    </select>
    <select id="selectCswzzmonth"  resultType="cn.archer.pojo.Count">
        select substr(czrq,3,5) as 'months', sum(cswz)as'count' from childbirth where childbirth.czrq between date(#{0}) and date(#{1}) and childbirth.r_animal LIKE #{2} and childbirth.fenceid LIKE #{3} and childbirth.fwemployeeid LIKE #{4} group by substr(czrq,1,7) order by czrq asc;
    </select>
    <select id="selectCswzzyear"  resultType="cn.archer.pojo.Count">
        select substr(czrq,1,4) as 'years', sum(cswz)as'count' from childbirth where childbirth.czrq between date(#{0}) and date(#{1}) and childbirth.r_animal LIKE #{2} and childbirth.fenceid LIKE #{3} and childbirth.fwemployeeid LIKE #{4} group by substr(czrq,1,4) order by czrq asc;
    </select>
    
    <select id="selectDnts"  resultType="cn.archer.pojo.Count">
        select count(*)as'count' from childbirth where childbirth.czrq between date(#{0}) and date(#{1}) and childbirth.fenceid LIKE #{2} and childbirth.fwemployeeid LIKE #{3}
    </select>
    <select id="selectDntsday"  resultType="cn.archer.pojo.Count">
        select substr(czrq,3,8) as 'days',count(*) as'count' from childbirth where czrq between date(#{0}) and date(#{1})and fenceid like #{2} and fwemployeeid like #{3} group by czrq order by czrq asc;    
    </select>
    <select id="selectDntsmonth"  resultType="cn.archer.pojo.Count">
        select substr(czrq,3,5) as 'months',count(*) as'count' from childbirth where czrq between date(#{0}) and date(#{1})and fenceid like #{2} and fwemployeeid like #{3} group by substr(czrq,1,7) order by czrq asc;    
    </select>
    <select id="selectDntsyear"  resultType="cn.archer.pojo.Count">
        select substr(czrq,1,4) as 'years',count(*) as'count' from childbirth where czrq between date(#{0}) and date(#{1}) and fenceid like #{2} and fwemployeeid like #{3} group by substr(czrq,1,4) order by czrq asc;    
    </select>
    
    <select id="selectDnzgs"  resultType="cn.archer.pojo.Count">
        select sum(dnts)as'count' from childbirth where childbirth.dnrq between date(#{0}) and date(#{1}) and childbirth.fwfenceid LIKE #{2} and childbirth.employeeid LIKE #{3}
    </select>
    <select id="selectDnzgsday"  resultType="cn.archer.pojo.Count">
        select substr(dnrq,3,8) as 'days', sum(dnts)as'count' from childbirth where childbirth.dnrq between date(#{0}) and date(#{1}) and childbirth.fwfenceid LIKE #{2} and childbirth.employeeid LIKE #{3} group by dnrq order by dnrq asc;
    </select>
    <select id="selectDnzgsmonth"  resultType="cn.archer.pojo.Count">
        select substr(dnrq,3,5) as 'months', sum(dnts)as'count' from childbirth where childbirth.dnrq between date(#{0}) and date(#{1}) and childbirth.fwfenceid LIKE #{2} and childbirth.employeeid LIKE #{3} group by substr(dnrq,1,7) order by dnrq asc;
    </select>
    <select id="selectDnzgsyear"  resultType="cn.archer.pojo.Count">
        select substr(dnrq,1,4) as 'years', sum(dnts)as'count' from childbirth where childbirth.dnrq between date(#{0}) and date(#{1}) and childbirth.fwfenceid LIKE #{2} and childbirth.employeeid LIKE #{3} group by substr(dnrq,1,4) order by dnrq asc;
    </select>
    
    <select id="selectDnzwwz"  resultType="cn.archer.pojo.Count">
        select sum(dnwz)as'count' from childbirth where childbirth.dnrq between date(#{0}) and date(#{1}) and childbirth.fwfenceid LIKE #{2} and childbirth.employeeid LIKE #{3}
    </select>    
    <select id="selectDnzwwzday"  resultType="cn.archer.pojo.Count">
        select substr(dnrq,3,8) as 'days',sum(dnwz)as'count' from childbirth where childbirth.dnrq between date(#{0}) and date(#{1}) and childbirth.fwfenceid LIKE #{2} and childbirth.employeeid LIKE #{3} group by dnrq order by dnrq asc;
    </select>    
    <select id="selectDnzwwzmonth"  resultType="cn.archer.pojo.Count">
        select substr(dnrq,3,5) as 'months',sum(dnwz)as'count' from childbirth where childbirth.dnrq between date(#{0}) and date(#{1}) and childbirth.fwfenceid LIKE #{2} and childbirth.employeeid LIKE #{3} group by substr(dnrq,1,7) order by dnrq asc;
    </select>    
    <select id="selectDnzwwzyear"  resultType="cn.archer.pojo.Count">
        select substr(dnrq,1,4) as 'years',sum(dnwz)as'count' from childbirth where childbirth.dnrq between date(#{0}) and date(#{1}) and childbirth.fwfenceid LIKE #{2} and childbirth.employeeid LIKE #{3} group by substr(dnrq,1,4) order by dnrq asc;
    </select>    
    
    <select id="selectByszs"  resultType="cn.archer.pojo.Count">
        select count(*)as'count' from selebith where selebith.r_weandate between date(#{0}) and date(#{1}) and selebith.r_pcage LIKE #{2} and selebith.zbfzr LIKE #{3} and selebith.nifzb = '1'
    </select>
    <select id="selectByszsday"  resultType="cn.archer.pojo.Count">
        select substr(r_weandate,3,8) as 'days', count(*)as'count' from selebith where selebith.r_weandate between date(#{0}) and date(#{1}) and selebith.r_pcage LIKE #{2} and selebith.zbfzr LIKE #{3} and selebith.nifzb = '1' group by r_weandate order by r_weandate asc;
    </select>
    <select id="selectByszsmonth"  resultType="cn.archer.pojo.Count">
        select substr(r_weandate,3,5) as 'months', count(*)as'count' from selebith where selebith.r_weandate between date(#{0}) and date(#{1}) and selebith.r_pcage LIKE #{2} and selebith.zbfzr LIKE #{3} and selebith.nifzb = '1' group by substr(r_weandate,1,7) order by r_weandate asc;
    </select>
    <select id="selectByszsyear"  resultType="cn.archer.pojo.Count">
        select substr(r_weandate,1,4) as 'years', count(*)as'count' from selebith where selebith.r_weandate between date(#{0}) and date(#{1}) and selebith.r_pcage LIKE #{2} and selebith.zbfzr LIKE #{3} and selebith.nifzb = '1' group by substr(r_weandate,1,4) order by r_weandate asc;
    </select>   
     
    <select id="selectBysswzs"  resultType="cn.archer.pojo.Count">
        select count(*)as'count' from selebith where selebith.r_weandate between date(#{0}) and date(#{1}) and selebith.r_pcage LIKE #{2} and selebith.zbfzr LIKE #{3} and selebith.nifzb = '1' and selebith.r_curmark = '11';
    </select>
    <select id="selectBysswzsday"  resultType="cn.archer.pojo.Count">
        select substr(r_weandate,3,8) as 'days', count(*)as'count' from selebith where selebith.r_weandate between date(#{0}) and date(#{1}) and selebith.r_pcage LIKE #{2} and selebith.zbfzr LIKE #{3} and selebith.nifzb = '1' and selebith.r_curmark = '11' group by r_weandate order by r_weandate asc;
    </select>
    <select id="selectBysswzsmonth"  resultType="cn.archer.pojo.Count">
        select substr(r_weandate,3,5) as 'months', count(*)as'count' from selebith where selebith.r_weandate between date(#{0}) and date(#{1}) and selebith.r_pcage LIKE #{2} and selebith.zbfzr LIKE #{3} and selebith.nifzb = '1' and selebith.r_curmark = '11' group by substr(r_weandate,1,7) order by r_weandate asc;
    </select>
    <select id="selectBysswzsyear"  resultType="cn.archer.pojo.Count">
        select substr(r_weandate,1,4) as 'years', count(*)as'count' from selebith where selebith.r_weandate between date(#{0}) and date(#{1}) and selebith.r_pcage LIKE #{2} and selebith.zbfzr LIKE #{3} and selebith.nifzb = '1' and selebith.r_curmark = '11' group by substr(r_weandate,1,4) order by r_weandate asc;
    </select>
        
    <select id="selectYfszs"  resultType="cn.archer.pojo.Count">
        select count(*)as'count' from selebith where bysj between date(#{0}) and date(#{1}) and r_pcage LIKE #{2} and byfzr LIKE #{3} and nifby = '1'
    </select>
    <select id="selectYfszsday"  resultType="cn.archer.pojo.Count">
        select substr(bysj,3,8) as 'days', count(*)as'count' from selebith where bysj between date(#{0}) and date(#{1}) and r_pcage LIKE #{2} and byfzr LIKE #{3} and nifby = '1' group by bysj order by bysj asc;
    </select>
    <select id="selectYfszsmonth"  resultType="cn.archer.pojo.Count">
        select substr(bysj,3,5) as 'months', count(*)as'count' from selebith where bysj between date(#{0}) and date(#{1}) and r_pcage LIKE #{2} and byfzr LIKE #{3} and nifby = '1' group by substr(bysj,1,7) order by bysj asc;
    </select>
    <select id="selectYfszsyear"  resultType="cn.archer.pojo.Count">
        select substr(bysj,1,4) as 'years', count(*)as'count' from selebith where bysj between date(#{0}) and date(#{1}) and r_pcage LIKE #{2} and byfzr LIKE #{3} and nifby = '1' group by substr(bysj,1,4) order by bysj asc;
    </select>   

    <select id="selectYfsswzs"  resultType="cn.archer.pojo.Count">
        select count(*)as'count' from selebith where bysj between date(#{0}) and date(#{1}) and r_pcage LIKE #{2} and byfzr LIKE #{3} and nifby = '1' and r_curmark = '11'
    </select>
    <select id="selectYfsswzsday"  resultType="cn.archer.pojo.Count">
        select substr(bysj,3,8) as 'days', count(*)as'count' from selebith where bysj between date(#{0}) and date(#{1}) and r_pcage LIKE #{2} and byfzr LIKE #{3} and nifby = '1' and r_curmark = '11' group by bysj order by bysj asc;
    </select>
    <select id="selectYfsswzsmonth"  resultType="cn.archer.pojo.Count">
        select substr(bysj,3,5) as 'months', count(*)as'count' from selebith where bysj between date(#{0}) and date(#{1}) and r_pcage LIKE #{2} and byfzr LIKE #{3} and nifby = '1' and r_curmark = '11' group by substr(bysj,1,7) order by bysj asc;
    </select>
    <select id="selectYfsswzsyear"  resultType="cn.archer.pojo.Count">
        select substr(bysj,1,4) as 'years', count(*)as'count' from selebith where bysj between date(#{0}) and date(#{1}) and r_pcage LIKE #{2} and byfzr LIKE #{3} and nifby = '1' and r_curmark = '11' group by substr(bysj,1,4) order by bysj asc;
    </select>   

    <select id="selectSlrk"  resultType="cn.archer.pojo.Count">
        select sum(gmje) as 'money',sum(sl) as 'num' from slrk where rksj between date(#{0}) and date(#{1}) and typeid LIKE #{2} and employeeid LIKE #{3}
    </select>
    <select id="selectSlrkday"  resultType="cn.archer.pojo.Count">
        select substr(rksj,3,8) as 'days', sum(gmje) as 'money',sum(sl) as 'num' from slrk where rksj between date(#{0}) and date(#{1}) and typeid LIKE #{2} and employeeid LIKE #{3} group by rksj order by rksj asc;
    </select>
    <select id="selectSlrkmonth"  resultType="cn.archer.pojo.Count">
        select substr(rksj,3,5) as 'months', sum(gmje) as 'money',sum(sl) as 'num' from slrk where rksj between date(#{0}) and date(#{1}) and typeid LIKE #{2} and employeeid LIKE #{3} group by substr(rksj,3,5) order by rksj asc;
    </select>
    <select id="selectSlrkyear"  resultType="cn.archer.pojo.Count">
        select substr(rksj,1,4) as 'years', sum(gmje) as 'money',sum(sl) as 'num' from slrk where rksj between date(#{0}) and date(#{1}) and typeid LIKE #{2} and employeeid LIKE #{3} group by substr(rksj,1,4) order by rksj asc;
    </select>
    
    <select id="selectYprk"  resultType="cn.archer.pojo.Count">
        select sum(gmje) as 'money',sum(sl) as 'num' from yprk where rksj between date(#{0}) and date(#{1}) and typeid LIKE #{2} and employeeid LIKE #{3}
    </select>
    <select id="selectYprkday"  resultType="cn.archer.pojo.Count">
        select substr(rksj,3,8) as 'days', sum(gmje) as 'money',sum(sl) as 'num' from yprk where rksj between date(#{0}) and date(#{1}) and typeid LIKE #{2} and employeeid LIKE #{3} group by rksj order by rksj asc;
    </select>
    <select id="selectYprkmonth"  resultType="cn.archer.pojo.Count">
        select substr(rksj,3,5) as 'months', sum(gmje) as 'money',sum(sl) as 'num' from yprk where rksj between date(#{0}) and date(#{1}) and typeid LIKE #{2} and employeeid LIKE #{3} group by substr(rksj,3,5) order by rksj asc;
    </select>
    <select id="selectYprkyear"  resultType="cn.archer.pojo.Count">
        select substr(rksj,1,4) as 'years', sum(gmje) as 'money',sum(sl) as 'num' from yprk where rksj between date(#{0}) and date(#{1}) and typeid LIKE #{2} and employeeid LIKE #{3} group by substr(rksj,1,4) order by rksj asc;
    </select>
    
    <select id="selectYmrk"  resultType="cn.archer.pojo.Count">
        select sum(gmje) as 'money',sum(sl) as 'num' from ymrk where rksj between date(#{0}) and date(#{1}) and typeid LIKE #{2} and employeeid LIKE #{3}
    </select>
    <select id="selectYmrkday"  resultType="cn.archer.pojo.Count">
        select substr(rksj,3,8) as 'days', sum(gmje) as 'money',sum(sl) as 'num' from ymrk where rksj between date(#{0}) and date(#{1}) and typeid LIKE #{2} and employeeid LIKE #{3} group by rksj order by rksj asc;
    </select>
    <select id="selectYmrkmonth"  resultType="cn.archer.pojo.Count">
        select substr(rksj,3,5) as 'months', sum(gmje) as 'money',sum(sl) as 'num' from ymrk where rksj between date(#{0}) and date(#{1}) and typeid LIKE #{2} and employeeid LIKE #{3} group by substr(rksj,3,5) order by rksj asc;
    </select>
    <select id="selectYmrkyear"  resultType="cn.archer.pojo.Count">
        select substr(rksj,1,4) as 'years', sum(gmje) as 'money',sum(sl) as 'num' from ymrk where rksj between date(#{0}) and date(#{1}) and typeid LIKE #{2} and employeeid LIKE #{3} group by substr(rksj,1,4) order by rksj asc;
    </select>
    
    <select id="selectSlck"  resultType="cn.archer.pojo.Count">
        select sum(sl) as 'num' from slck where cksj between date(#{0}) and date(#{1}) and typeid LIKE #{2} and employeeid LIKE #{3} and number LIKE #{4}
    </select>
    <select id="selectSlckday"  resultType="cn.archer.pojo.Count">
        select substr(cksj,3,8) as 'days',sum(sl) as 'num' from slck where cksj between date(#{0}) and date(#{1}) and typeid LIKE #{2} and employeeid LIKE #{3} and number LIKE #{4} group by cksj order by cksj asc;
    </select>
    <select id="selectSlckmonth"  resultType="cn.archer.pojo.Count">
        select substr(cksj,3,5) as 'months',sum(sl) as 'num' from slck where cksj between date(#{0}) and date(#{1}) and typeid LIKE #{2} and employeeid LIKE #{3} and number LIKE #{4} group by substr(cksj,3,5) order by cksj asc;
    </select>
    <select id="selectSlckyear"  resultType="cn.archer.pojo.Count">
        select substr(cksj,1,4) as 'years',sum(sl) as 'num' from slck where cksj between date(#{0}) and date(#{1}) and typeid LIKE #{2} and employeeid LIKE #{3} and number LIKE #{4} group by substr(cksj,1,4) order by cksj asc;
    </select>
    
    <select id="selectYpck"  resultType="cn.archer.pojo.Count">
        select sum(sl) as 'num' from ypck where cksj between date(#{0}) and date(#{1}) and typeid LIKE #{2} and employeeid LIKE #{3} and number LIKE #{4};
    </select>
    <select id="selectYpckday"  resultType="cn.archer.pojo.Count">
        select substr(cksj,3,8) as 'days',sum(sl) as 'num' from ypck where cksj between date(#{0}) and date(#{1}) and typeid LIKE #{2} and employeeid LIKE #{3} and number LIKE #{4} group by cksj order by cksj asc;
    </select>
    <select id="selectYpckmonth"  resultType="cn.archer.pojo.Count">
        select substr(cksj,3,5) as 'months',sum(sl) as 'num' from ypck where cksj between date(#{0}) and date(#{1}) and typeid LIKE #{2} and employeeid LIKE #{3} and number LIKE #{4} group by substr(cksj,3,5) order by cksj asc;
    </select>
    <select id="selectYpckyear"  resultType="cn.archer.pojo.Count">
        select substr(cksj,1,4) as 'years',sum(sl) as 'num' from ypck where cksj between date(#{0}) and date(#{1}) and typeid LIKE #{2} and employeeid LIKE #{3} and number LIKE #{4} group by substr(cksj,1,4) order by cksj asc;
    </select>
    
    <select id="selectYmck"  resultType="cn.archer.pojo.Count">
        select sum(sl) as 'num' from ymck where cksj between date(#{0}) and date(#{1}) and typeid LIKE #{2} and employeeid LIKE #{3} and number LIKE #{4};
    </select>
    <select id="selectYmckday"  resultType="cn.archer.pojo.Count">
        select substr(cksj,3,8) as 'days',sum(sl) as 'num' from ymck where cksj between date(#{0}) and date(#{1}) and typeid LIKE #{2} and employeeid LIKE #{3} and number LIKE #{4} group by cksj order by cksj asc;
    </select>
    <select id="selectYmckmonth"  resultType="cn.archer.pojo.Count">
        select substr(cksj,3,5) as 'months',sum(sl) as 'num' from ymck where cksj between date(#{0}) and date(#{1}) and typeid LIKE #{2} and employeeid LIKE #{3} and number LIKE #{4} group by substr(cksj,3,5) order by cksj asc;
    </select>
    <select id="selectYmckyear"  resultType="cn.archer.pojo.Count">
        select substr(cksj,1,4) as 'years',sum(sl) as 'num' from ymck where cksj between date(#{0}) and date(#{1}) and typeid LIKE #{2} and employeeid LIKE #{3} and number LIKE #{4} group by substr(cksj,1,4) order by cksj asc;
    </select>
    
    <select id="selectZzsw"  resultType="cn.archer.pojo.Count">
        select count(*)as'count' from zzsw where swrq between date(#{0}) and date(#{1}) and fenceid LIKE #{2} and employeeid LIKE #{3};
    </select>
    <select id="selectZzswday"  resultType="cn.archer.pojo.Count">
        select substr(swrq,3,8) as 'days',count(*)as'count' from zzsw where swrq between date(#{0}) and date(#{1}) and fenceid LIKE #{2} and employeeid LIKE #{3} group by swrq order by swrq asc;
    </select>
    <select id="selectZzswmonth"  resultType="cn.archer.pojo.Count">
        select substr(swrq,3,5) as 'months',count(*)as'count' from zzsw where swrq between date(#{0}) and date(#{1}) and fenceid LIKE #{2} and employeeid LIKE #{3} group by substr(swrq,3,5) order by swrq asc;
    </select>
    <select id="selectZzswyear"  resultType="cn.archer.pojo.Count">
        select substr(swrq,1,4) as 'years',count(*)as'count' from zzsw where swrq between date(#{0}) and date(#{1}) and fenceid LIKE #{2} and employeeid LIKE #{3} group by substr(swrq,1,4) order by swrq asc;
    </select>
    
    <select id="selectZzxs"  resultType="cn.archer.pojo.Count">
        select sum(xsgs) as 'num',sum(zzzl) as 'count',sum(xsje) as 'money' from zzxs where xsrq between date(#{0}) and date(#{1})  and employeeid LIKE #{2};
    </select>
    <select id="selectZzxsday"  resultType="cn.archer.pojo.Count">
        select substr(xsrq,3,8) as 'days', sum(xsgs) as 'num',sum(zzzl) as 'count',sum(xsje) as 'money' from zzxs where xsrq between date(#{0}) and date(#{1}) and employeeid LIKE #{2} group by xsrq order by xsrq asc;
    </select>
    <select id="selectZzxsmonth"  resultType="cn.archer.pojo.Count">
        select substr(xsrq,3,5) as 'months', sum(xsgs) as 'num',sum(zzzl) as 'count',sum(xsje) as 'money' from zzxs where xsrq between date(#{0}) and date(#{1}) and employeeid LIKE #{2} group by substr(xsrq,3,5) order by xsrq asc;
    </select>
    <select id="selectZzxsyear"  resultType="cn.archer.pojo.Count">
        select substr(xsrq,1,4) as 'years', sum(xsgs) as 'num',sum(zzzl) as 'count',sum(xsje) as 'money' from zzxs where xsrq between date(#{0}) and date(#{1}) and employeeid LIKE #{2} group by substr(xsrq,1,4) order by xsrq asc;
    </select>
    
    <select id="selectLrbZzxs"  resultType="cn.archer.pojo.Count">
        select sum(zzzl) as 'count' from zzxs where xsrq between date(#{0}) and date(#{1}) ;
    </select>
    <select id="selectLrbZzxsday"  resultType="cn.archer.pojo.Count">
        select substr(xsrq,3,8) as 'days',sum(zzzl) as 'count' from zzxs where xsrq between date(#{0}) and date(#{1}) group by xsrq order by xsrq asc;
    </select>
    <select id="selectLrbZzxsmonth"  resultType="cn.archer.pojo.Count">
        select substr(xsrq,3,5) as 'months',sum(zzzl) as 'count' from zzxs where xsrq between date(#{0}) and date(#{1}) group by substr(xsrq,3,5) order by xsrq asc;
    </select>
    <select id="selectLrbZzxsyear"  resultType="cn.archer.pojo.Count">
        select substr(xsrq,1,4) as 'years',sum(zzzl) as 'count' from zzxs where xsrq between date(#{0}) and date(#{1}) group by substr(xsrq,1,4) order by xsrq asc;
    </select>
    
    
    <select id="selectLrbSlck"  resultType="cn.archer.pojo.Count">
        select sum(sl) as 'count' from slck where cksj between date(#{0}) and date(#{1}) and typeid = #{2}
    </select>
    <select id="selectLrbSlckday"  resultType="cn.archer.pojo.Count">
        select substr(cksj,3,8) as 'days',sum(sl) as 'count' from slck where cksj between date(#{0}) and date(#{1}) and typeid = #{2} group by cksj order by cksj asc;
    </select>
    <select id="selectLrbSlckmonth"  resultType="cn.archer.pojo.Count">
        select substr(cksj,3,5) as 'months',sum(sl) as 'count' from slck where cksj between date(#{0}) and date(#{1}) and typeid = #{2} group by substr(cksj,3,5) order by cksj asc;
    </select>
    <select id="selectLrbSlckyear"  resultType="cn.archer.pojo.Count">
        select substr(cksj,1,4) as 'years',sum(sl) as 'count' from slck where cksj between date(#{0}) and date(#{1}) and typeid = #{2} group by substr(cksj,1,4) order by cksj asc;
    </select>
    

</mapper>
