<?xml version="1.0" encoding="UTF-8" ?>
<!DOCTYPE mapper    
PUBLIC "-//mybatis.org//DTD Mapper 3.0//EN"    
"http://mybatis.org/dtd/mybatis-3-mapper.dtd">
<!-- namespace：此时用mapper代理方式，它的值必须等于对应mapper接口的全限定名  -->
<mapper namespace="cn.archer.mapper.TwoTestMapper">
    <insert id="insert"  parameterType="cn.archer.pojo.TwoTest">
        INSERT INTO twotest (r_animal,cdrq,zsex,fenceid,weight,employeeid,fxrts,fxqxrt,fxzhpf,ywss,sfgx,ygzhpf,ztzsfgx,ztfgjsfhl,ztszywssyz,ztzhpf,txqhqgc,
        txhtcqs,
        txlgxz,
        txzhpf,
        qjyl,
        jpz,
        qtyd,
        bltt,
        blbfb,
        outfenceid,
        cdzt,
        bz,bz1,bz2,bz3,
        jg) VALUES (#{r_animal},
        #{cdrq},
        #{zsex},
        #{fenceid},
        #{weight},
        #{employeeid},
        #{fxrts},
        #{fxqxrt},
        #{fxzhpf},
        #{ywss},
        #{sfgx},
        #{ygzhpf},
        #{ztzsfgx},
        #{ztfgjsfhl},
        #{ztszywssyz},
        #{ztzhpf},
        #{txqhqgc},
        #{txhtcqs},
        #{txlgxz},
        #{txzhpf},
        #{qjyl},
        #{jpz},
        #{qtyd},
        #{bltt},
        #{blbfb},
        #{outfenceid},
        #{cdzt},
        #{bz},#{bz1},#{bz2},#{bz3},#{jg})
    </insert>
        
    <select id="selectAll" resultType="cn.archer.pojo.TwoTest">
        select * FROM twotest
    </select>
    <select id="selectByid" parameterType="java.lang.String"  resultType="cn.archer.pojo.TwoTest">
        select * from twotest where id=#{0}
            
    </select>
    <delete id="deleteByid" parameterType="java.lang.String">
        delete from twotest where id=#{0}
            
    </delete>
    <update id="updateByid" parameterType="cn.archer.pojo.TwoTest">
        update twotest set cdrq=#{cdrq},weight=#{weight},employeeid=#{employeeid},fxrts=#{fxrts},fxqxrt=#{fxqxrt},fxzhpf=#{fxzhpf},ywss=#{ywss},sfgx=#{sfgx},ygzhpf=#{ygzhpf},ztzsfgx=#{ztzsfgx},ztfgjsfhl=#{ztfgjsfhl},ztszywssyz=#{ztszywssyz},ztzhpf=#{ztzhpf},txqhqgc=#{txqhqgc},txhtcqs=#{txhtcqs},txlgxz=#{txlgxz},txzhpf=#{txzhpf},qjyl=#{qjyl},jpz=#{jpz},qtyd=#{qtyd},bltt=#{bltt},blbfb=#{blbfb},bz=#{bz},bz1=#{bz1},bz2=#{bz2},bz3=#{bz3},jg=#{jg} where r_animal=#{r_animal}
        
        
    </update>
    <select id="TwoTestgSelectByDate" parameterType="java.lang.String" resultType="cn.archer.pojo.TwoTest">
        SELECT * from twotest WHERE breeding.pzrq BETWEEN date(#{0}) AND date(#{1})
        
    </select>
    <select id="selectByIdPage" parameterType="java.lang.Integer" resultType="cn.archer.pojo.TwoTest">
        SELECT * from twotest Limit #{0} Offset #{1}
        
    </select>
    <select id="selectCount"  resultType="cn.archer.pojo.Count">
        SELECT count(*)as'count' from twotest
        
    </select>
    
    
    
</mapper>
