<?xml version="1.0" encoding="UTF-8" ?>
<!DOCTYPE mapper    
PUBLIC "-//mybatis.org//DTD Mapper 3.0//EN"    
"http://mybatis.org/dtd/mybatis-3-mapper.dtd">
<!-- namespace：此时用mapper代理方式，它的值必须等于对应mapper接口的全限定名  -->
<mapper namespace="cn.archer.mapper.TzxncdMapper">
    <insert id="insert"  parameterType="cn.archer.pojo.Tzxncd">
        INSERT INTO tzxncd(r_animal,fenceid,cdrq,zqhz,ttz,zttz,yttz,ttc,bbh1,bbh2,bbh3,pjbbh,yjmj,gz,pz,srz,frz,rspf,rsl,rsa,rsb,dlsw,jrzf,ph1,ph24,dsss,jrhsl,employeeid,bz)
        VALUES (#{r_animal},#{fenceid},#{cdrq},#{zqhz},#{ttz},#{zttz},#{yttz},#{ttc},#{bbh1},#{bbh2},#{bbh3},#{pjbbh},#{yjmj},#{gz},#{pz},#{srz},#{frz},#{rspf},#{rsl},#{rsa},#{rsb},#{dlsw},#{jrzf},#{ph1},#{ph24},#{dsss},#{jrhsl},#{employeeid},#{bz})
    </insert>
        
    <select id="selectAll" resultType="cn.archer.pojo.Tzxncd">
        select * FROM tzxncd
    </select>
    <select id="selectByid" parameterType="java.lang.String"  resultType="cn.archer.pojo.Tzxncd">
        select * from tzxncd where r_animal=#{0}
            
    </select>
    <delete id="deleteByid" parameterType="java.lang.String">
        delete from tzxncd where r_animal=#{0}
            
    </delete>
    <update id="updateByid" parameterType="cn.archer.pojo.Tzxncd">
        update tzxncd set fenceid=#{fenceid},cdrq=#{cdrq},zqhz=#{zqhz},ttz=#{ttz},zttz=#{zttz},yttz=#{yttz},ttc=#{ttc},bbh1=#{bbh1},bbh2=#{bbh2},bbh3=#{bbh3},yttz=#{yttz},pjbbh=#{pjbbh},yjmj=#{yjmj},gz=#{gz},pz=#{pz},srz=#{srz},frz=#{frz},rspf=#{rspf},rsl=#{rsl},rsa=#{rsa},rsb=#{rsb},dlsw=#{dlsw},jrzf=#{jrzf},ph1=#{ph1},ph24=#{ph24},dsss=#{dsss},jrhsl=#{jrhsl},dsss=#{dsss},employeeid=#{employeeid},bz=#{bz} where r_animal=#{r_animal}
    </update>
    <select id="TzxncdSelectByDate" parameterType="java.lang.String" resultType="cn.archer.pojo.Tzxncd">
        SELECT * from tzxncd WHERE tzxncd.cdrq BETWEEN date(#{0}) AND date(#{1}) order by tzxncd.cdrq desc
        
    </select>
    <select id="selectByIdPage" parameterType="java.lang.Integer" resultType="cn.archer.pojo.Tzxncd">
        SELECT * from tzxncd order by tzxncd.cdrq desc Limit #{0} Offset #{1}
        
    </select>
    <select id="selectCount"  resultType="cn.archer.pojo.Count">
        SELECT count(*)as'count' from tzxncd
        
    </select>

</mapper>
