<?xml version="1.0" encoding="UTF-8" ?>
<!DOCTYPE mapper    
PUBLIC "-//mybatis.org//DTD Mapper 3.0//EN"    
"http://mybatis.org/dtd/mybatis-3-mapper.dtd">
<!-- namespace：此时用mapper代理方式，它的值必须等于对应mapper接口的全限定名  -->
<mapper namespace="cn.archer.mapper.WeaningMapper">
       
    <select id="selectAll" resultType="cn.archer.pojo.Childbirth">
        select * FROM childbirth where zt='2'
    </select>
    
    <select id="selectByid" parameterType="java.lang.String"  resultType="cn.archer.pojo.Childbirth">
        select * from childbirth where id=#{0}
    </select>
    
    <delete id="deleteByid" parameterType="java.lang.String">
        delete from childbirth where id=#{0}
    </delete>
    
    <update id="updateByid" parameterType="cn.archer.pojo.Childbirth">
        update childbirth set r_animal=#{r_animal},farm_id=#{farm_id},fenceid=#{fenceid},fwfenceid=#{fwfenceid},fwemployeeid=#{fwemployeeid},tc=#{tc},czrq=#{czrq},zczs=#{zczs},czhs=#{czhs},cgzs=#{cgzs},cmzs=#{cmzs},jxs=#{jxs},sds=#{sds},mny=#{mny},cswz=#{cswz},jl=#{jl},jc=#{jc},outfenceid=#{outfenceid},dnrq=#{dnrq},dnrl=#{dnrl},dnts=#{dnts},dnwz=#{dnwz},employeeid=#{employeeid},zt=#{zt},bz=#{bz} where r_animal=#{r_animal} and zt='1'
    </update>
    
    <select id="ChildbirthSelectByDate" parameterType="java.lang.String" resultType="cn.archer.pojo.Childbirth">
        SELECT * from childbirth WHERE childbirth.dnrq BETWEEN date(#{0}) AND date(#{1}) order by childbirth.dnrq desc
    </select>
    
    <select id="selectByIdPage" parameterType="java.lang.Integer" resultType="cn.archer.pojo.Childbirth">
        SELECT * from childbirth WHERE zt='2'order by childbirth.dnrq desc  Limit #{0} Offset #{1}
    </select>
    
    <select id="selectCount"  resultType="cn.archer.pojo.Count">
        SELECT count(*)as'count' from childbirth WHERE zt='2'
    </select>
    
    <select id="selectByIdAndFm" parameterType="java.lang.String" resultType="cn.archer.pojo.Childbirth">
        SELECT * from childbirth WHERE childbirth.r_animal = #{0} and childbirth.zt = '1'  
    </select>
    
    <select id="selectByIdAndFm2" parameterType="java.lang.String" resultType="cn.archer.pojo.Childbirth">
        SELECT * from childbirth WHERE childbirth.r_animal LIKE #{0} and childbirth.zt = '1'  
    </select>
    
    <select id="selectAllZz" resultType="cn.archer.pojo.Selebith">
        select * from selebith WHERE selebith.r_dam =#{0} and selebith.r_ghatch =#{1}
    </select>
    
    
</mapper>
