<?xml version="1.0" encoding="UTF-8" ?>
<!DOCTYPE mapper    
PUBLIC "-//mybatis.org//DTD Mapper 3.0//EN"    
"http://mybatis.org/dtd/mybatis-3-mapper.dtd">
<!-- namespace：此时用mapper代理方式，它的值必须等于对应mapper接口的全限定名  -->
<mapper namespace="cn.archer.mapper.YgzwMapper">
    <insert id="insert"  parameterType="cn.archer.pojo.Ygzw">
        INSERT INTO Ygzw(zwid,zwname)
        VALUES (#{zwid},#{zwname})
    </insert>
        
    <select id="selectAll" resultType="cn.archer.pojo.Ygzw">
        select * FROM Ygzw
    </select>
    <select id="selectByid" parameterType="String"  resultType="cn.archer.pojo.Ygzw">
        select * FROM Ygzw where zwid=#{0}
            
    </select>
    <delete id="deleteByid" parameterType="String">
        delete from Ygzw where zwid=#{0}
            
    </delete>
    <update id="updateByid" parameterType="cn.archer.pojo.Ygzw">
        update Ygzw set zwname=#{zwname} where zwid=#{zwid}
            
    </update>

</mapper>
