<?xml version="1.0" encoding="UTF-8" ?>
<!DOCTYPE mapper    
PUBLIC "-//mybatis.org//DTD Mapper 3.0//EN"    
"http://mybatis.org/dtd/mybatis-3-mapper.dtd">
<!-- namespace：此时用mapper代理方式，它的值必须等于对应mapper接口的全限定名  -->
<mapper namespace="cn.archer.mapper.YmrkMapper">
    <insert id="insert"  parameterType="cn.archer.pojo.Ymrk">
        INSERT INTO ymrk(id,rksj,typeid,sl,sldw,gmje,employeeid,bz)
        VALUES (#{id},#{rksj},#{typeid},#{sl},#{sldw},#{gmje},#{employeeid},#{bz})
    </insert>
        
    <select id="selectAll" resultType="cn.archer.pojo.Ymrk">
        select * FROM ymrk
    </select>
    <select id="selectByid" parameterType="java.lang.String"  resultType="cn.archer.pojo.Ymrk">
        select * from ymrk where id=#{0}
            
    </select>
    <delete id="deleteByid" parameterType="java.lang.String">
        delete from ymrk where id=#{0}
            
    </delete>
    <update id="updateByid" parameterType="cn.archer.pojo.Ymrk">
        update ymrk set rksj=#{rksj},typeid=#{typeid},sl=#{sl},sldw=#{sldw},gmje=#{gmje},employeeid=#{employeeid},bz=#{bz} where id=#{id}
    </update>
    <select id="YmrkSelectByDate" parameterType="java.lang.String" resultType="cn.archer.pojo.Ymrk">
        SELECT * from ymrk WHERE ymrk.rksj BETWEEN date(#{0}) AND date(#{1}) order by ymrk.rksj desc
        
    </select>
    <select id="selectByIdPage" parameterType="java.lang.Integer" resultType="cn.archer.pojo.Ymrk">
        SELECT * from ymrk order by ymrk.rksj desc Limit #{0} Offset #{1}
        
    </select>
    <select id="selectCount"  resultType="cn.archer.pojo.Count">
        SELECT count(*)as'count' from ymrk
        
    </select>

    
    
    
</mapper>
