<?xml version="1.0" encoding="UTF-8" ?>
<!DOCTYPE mapper    
PUBLIC "-//mybatis.org//DTD Mapper 3.0//EN"    
"http://mybatis.org/dtd/mybatis-3-mapper.dtd">
<!-- namespace：此时用mapper代理方式，它的值必须等于对应mapper接口的全限定名  -->
<mapper namespace="cn.archer.mapper.YpckMapper">
    <insert id="insert"  parameterType="cn.archer.pojo.Ypck">
        INSERT INTO ypck(id,cksj,number,typeid,sl,sldw,employeeid,bz)
        VALUES (#{id},#{cksj},#{number},#{typeid},#{sl},#{sldw},#{employeeid},#{bz})
    </insert>
        
    <select id="selectAll" resultType="cn.archer.pojo.Ypck">
        select * FROM ypck
    </select>
    <select id="selectByid" parameterType="java.lang.String"  resultType="cn.archer.pojo.Ypck">
        select * from ypck where id=#{0}
            
    </select>
    <delete id="deleteByid" parameterType="java.lang.String">
        delete from ypck where id=#{0}
            
    </delete>
    <update id="updateByid" parameterType="cn.archer.pojo.Ypck">
        update ypck set cksj=#{cksj},number=#{number},typeid=#{typeid},sl=#{sl},sldw=#{sldw},employeeid=#{employeeid},bz=#{bz} where id=#{id}
    </update>
    <select id="YpckSelectByDate" parameterType="java.lang.String" resultType="cn.archer.pojo.Ypck">
        SELECT * from ypck WHERE ypck.cksj BETWEEN date(#{0}) AND date(#{1}) order by ypck.cksj desc
        
    </select>
    <select id="selectByIdPage" parameterType="java.lang.Integer" resultType="cn.archer.pojo.Ypck">
        SELECT * from ypck order by ypck.cksj desc Limit #{0} Offset #{1}
        
    </select>
    <select id="selectCount"  resultType="cn.archer.pojo.Count">
        SELECT count(*)as'count' from ypck
        
    </select>

    
    
    
</mapper>
