<?xml version="1.0" encoding="UTF-8" ?>
<!DOCTYPE mapper    
PUBLIC "-//mybatis.org//DTD Mapper 3.0//EN"    
"http://mybatis.org/dtd/mybatis-3-mapper.dtd">
<!-- namespace：此时用mapper代理方式，它的值必须等于对应mapper接口的全限定名  -->
<mapper namespace="cn.archer.mapper.YpkcMapper">
    <insert id="insert"  parameterType="cn.archer.pojo.Ypkc">
        INSERT INTO ypkc(num,typeid)
        VALUES (#{num},#{typeid})
    </insert>
        
    <select id="selectAll" resultType="cn.archer.pojo.Ypkc">
        select * FROM ypkc
    </select>
    <select id="selectByid" parameterType="java.lang.String"  resultType="cn.archer.pojo.Ypkc">
        select * from ypkc where typeid=#{0}
            
    </select>
    <delete id="deleteByid" parameterType="java.lang.String">
        delete from ypkc where typeid=#{0}
            
    </delete>
    <update id="updateByid" parameterType="cn.archer.pojo.Ypkc">
        update ypkc set num=#{num} where typeid=#{typeid}
    </update>

</mapper>
