<?xml version="1.0" encoding="UTF-8" ?>
<!DOCTYPE mapper    
PUBLIC "-//mybatis.org//DTD Mapper 3.0//EN"    
"http://mybatis.org/dtd/mybatis-3-mapper.dtd">
<!-- namespace：此时用mapper代理方式，它的值必须等于对应mapper接口的全限定名  -->
<mapper namespace="cn.archer.mapper.YzMapper">

<!--    后备2月龄性状-->
    <select id="selectAlltwotest"  parameterType="java.lang.String" resultType="cn.archer.pojo.TwoTest">
        SELECT
        *
        FROM
        twotest
        WHERE
        cdrq BETWEEN date(#{0})
        AND date(#{1})
        AND cdzt = '4'
        AND fenceid LIKE #{2}
        AND r_animal IN(
        SELECT
        r_animal
        FROM
        selebith
        WHERE
        sfzz = '1')
        order by cdrq  desc
    </select>
<!--    后备2月龄性状分页-->
    <select id="selectAlltwotestBypage"  parameterType="java.lang.String" resultType="cn.archer.pojo.TwoTest">
        SELECT
        *
        FROM
        twotest
        WHERE
        cdrq BETWEEN date(#{0})
        AND date(#{1})
        AND cdzt = '4'
        AND fenceid LIKE #{2}
        AND r_animal IN(
        SELECT
        r_animal
        FROM
        selebith
        WHERE
        sfzz = '1')
        order by cdrq  desc
        Limit #{3} Offset #{4}
    </select>
<!--    后备2月龄性状个数-->
    <select id="selectAlltwotestBycount"  parameterType="java.lang.String" resultType="cn.archer.pojo.Count">
        SELECT
        count(*)as'count'
        FROM
        twotest
        WHERE
        cdrq BETWEEN date(#{0})
        AND date(#{1})
        AND cdzt = '4'
        AND fenceid LIKE #{2}
        AND r_animal IN(
        SELECT
        r_animal
        FROM
        selebith
        WHERE
        sfzz = '1')

    </select>
<!--    后备猪4月龄性状-->
    <select id="selectAllfourtest"  parameterType="java.lang.String" resultType="cn.archer.pojo.FourTest">
        SELECT
        *
        FROM
        fourtest
        WHERE
        cdrq BETWEEN date(#{0})
        AND date(#{1})
        AND cdzt = '4'
        AND fenceid LIKE #{2}
        AND r_animal IN(
        SELECT
        r_animal
        FROM
        selebith
        WHERE
        sfzz = '1')
        order by cdrq  desc
    </select>
<!--    后备猪4月龄性状分页-->
    <select id="selectAllfourtestBypage"  parameterType="java.lang.String" resultType="cn.archer.pojo.FourTest">
        SELECT
        *
        FROM
        fourtest
        WHERE
        cdrq BETWEEN date(#{0})
        AND date(#{1})
        AND cdzt = '4'
        AND fenceid LIKE #{2}
        AND r_animal IN(
        SELECT
        r_animal
        FROM
        selebith
        WHERE
        sfzz = '1')
        order by cdrq  desc
        Limit #{3} Offset #{4}
    </select>
<!--    后备猪4月龄性状个数-->
    <select id="selectAllfourtestBycount"  parameterType="java.lang.String" resultType="cn.archer.pojo.Count">
        SELECT
        count(*)as'count'
        FROM
        fourtest
        WHERE
        cdrq BETWEEN date(#{0})
        AND date(#{1})
        AND cdzt = '4'
        AND fenceid LIKE #{2}
        AND r_animal IN(
        SELECT
        r_animal
        FROM
        selebith
        WHERE
        sfzz = '1')
    </select>
<!--    后备猪6月龄性状-->
    <select id="selectAllsixtest"  parameterType="java.lang.String" resultType="cn.archer.pojo.SixTest">
        SELECT
        *
        FROM
        sixtest
        WHERE
        cdrq BETWEEN date(#{0})
        AND date(#{1})
        AND cdzt = '4'
        AND fenceid LIKE #{2}
        AND r_animal IN(
        SELECT
        r_animal
        FROM
        selebith
        WHERE
        sfzz = '1')
        order by cdrq  desc
    </select>
<!--    后备猪6月龄性状分页-->
    <select id="selectAllsixtestBypage"  parameterType="java.lang.String" resultType="cn.archer.pojo.SixTest">
        SELECT
        *
        FROM
        sixtest
        WHERE
        cdrq BETWEEN date(#{0})
        AND date(#{1})
        AND cdzt = '4'
        AND fenceid LIKE #{2}
        AND r_animal IN(
        SELECT
        r_animal
        FROM
        selebith
        WHERE
        sfzz = '1')
        order by cdrq  desc
        Limit #{3} Offset #{4}
    </select>
<!--    后备猪6月龄性状个数-->
    <select id="selectAllsixtestBycount"  parameterType="java.lang.String" resultType="cn.archer.pojo.Count">
        SELECT
        count(*)as'count'
        FROM
        sixtest
        WHERE
        cdrq BETWEEN date(#{0})
        AND date(#{1})
        AND cdzt = '4'
        AND fenceid LIKE #{2}
        AND r_animal IN(
        SELECT
        r_animal
        FROM
        selebith
        WHERE
        sfzz = '1')
    </select>
<!--    100kg性能测定-->
    <select id="selectAllhundredtest"  parameterType="java.lang.String" resultType="cn.archer.pojo.HundredTest">
        SELECT
        *
        FROM
        hundredtest
        WHERE
        cdrq BETWEEN date(#{0})
        AND date(#{1})
        AND (cdzt = '5' or cdzt = '9')
        AND fenceid LIKE #{2}
        AND r_animal IN(
        SELECT
        r_animal
        FROM
        selebith
        WHERE
        sfzz = '1')
        order by cdrq  desc
    </select>
<!--    100kg性能测定分页-->
    <select id="selectAllhundredtestBypage"  parameterType="java.lang.String" resultType="cn.archer.pojo.HundredTest">
        SELECT
        *
        FROM
        hundredtest
        WHERE
        cdrq BETWEEN date(#{0})
        AND date(#{1})
        AND (cdzt = '5' or cdzt = '9')
        AND fenceid LIKE #{2}
        AND r_animal IN(
        SELECT
        r_animal
        FROM
        selebith
        WHERE
        sfzz = '1')
        order by cdrq  desc
        Limit #{3} Offset #{4}
    </select>
<!--    100kg性能测定个数-->
    <select id="selectAllhundredtestBycount"  parameterType="java.lang.String" resultType="cn.archer.pojo.Count">
        SELECT
        count(*)as'count'
        FROM
        hundredtest
        WHERE
        cdrq BETWEEN date(#{0})
        AND date(#{1})
        AND (cdzt = '5' or cdzt = '9')
        AND fenceid LIKE #{2}
        AND r_animal IN(
        SELECT
        r_animal
        FROM
        selebith
        WHERE
        sfzz = '1')
    </select>
<!--    育种个体信息-->
        <select id="selectAllyzgtxx"  parameterType="java.lang.String" resultType="cn.archer.pojo.Selebith">
        SELECT
        *
        FROM
        selebith
        WHERE
        r_fdate BETWEEN date(#{0})
        AND date(#{1})
        AND sfzz = '1'
        AND r_pcage LIKE #{2}
        order by r_fdate  desc
    </select>
<!--    育种个体信息分页-->
        <select id="selectAllyzgtxxBypage"  parameterType="java.lang.String" resultType="cn.archer.pojo.Selebith">
        SELECT
        *
        FROM
        selebith
        WHERE
        r_fdate BETWEEN date(#{0})
        AND date(#{1})
        AND sfzz = '1'
        AND r_pcage LIKE #{2}
        order by r_fdate  desc
        Limit #{3} Offset #{4}
    </select>
<!--    育种个体信息个数-->
        <select id="selectAllyzgtxxBycount"  parameterType="java.lang.String" resultType="cn.archer.pojo.Count">
        SELECT
        count(*)as'count'
        FROM
        selebith
        WHERE
        r_fdate BETWEEN date(#{0})
        AND date(#{1})
        AND sfzz = '1'
        AND r_pcage LIKE #{2}
    </select>
<!--    种猪编号-->
        <select id="selectzzbh" resultType="java.lang.String">
        SELECT
        r_animal
        FROM
        selebith
        WHERE
        AND sfzz = '1'
    </select>       
<!--活的种猪编号-->
    <select id="selectzzbhhd" resultType="java.lang.String">
        SELECT
        r_animal
        FROM
        selebith
        WHERE
        AND sfzz = '1'
        AND r_curmark != '10'
        AND r_curmark != '11'
    </select>
</mapper>
