<?xml version="1.0" encoding="UTF-8" ?>
<!DOCTYPE mapper    
PUBLIC "-//mybatis.org//DTD Mapper 3.0//EN"    
"http://mybatis.org/dtd/mybatis-3-mapper.dtd">
<!-- namespace：此时用mapper代理方式，它的值必须等于对应mapper接口的全限定名  -->
<mapper namespace="cn.archer.mapper.ZslbMapper">
    <insert id="insert"  parameterType="cn.archer.pojo.Zslb">
        INSERT INTO zslb(typeid,typename)
        VALUES (#{typeid},#{typename})
    </insert>
        
    <select id="selectAll" resultType="cn.archer.pojo.Zslb">
        select * FROM zslb
    </select>
    <select id="selectByid" parameterType="String"  resultType="cn.archer.pojo.Zslb">
        select * from zslb where typeid=#{0}
            
    </select>
    <delete id="deleteByid" parameterType="String">
        delete from zslb where typeid=#{0}
            
    </delete>
    <update id="updateByid" parameterType="cn.archer.pojo.Zslb">
        update zslb set typename=#{typename} where typeid=#{typeid}
            
    </update>
    
</mapper>
