<?xml version="1.0" encoding="UTF-8" ?>
<!DOCTYPE mapper    
PUBLIC "-//mybatis.org//DTD Mapper 3.0//EN"    
"http://mybatis.org/dtd/mybatis-3-mapper.dtd">
<!-- namespace：此时用mapper代理方式，它的值必须等于对应mapper接口的全限定名  -->
<mapper namespace="cn.archer.mapper.ZzmyszMapper">
    <insert id="insert"  parameterType="cn.archer.pojo.Zzmysz">
        INSERT INTO zzmysz(id,typeid,szrq,rqdw,myname,bz)
        VALUES (#{id},#{typeid},#{szrq},#{rqdw},#{myname},#{bz})
    </insert>
        
    <select id="selectAll" resultType="cn.archer.pojo.Zzmysz">
        select * FROM zzmysz
    </select>
    <select id="selectByid" parameterType="String"  resultType="cn.archer.pojo.Zzmysz">
        select * from zzmysz where id=#{0}
            
    </select>
    <delete id="deleteByid" parameterType="String">
        delete from zzmysz where id=#{0}
            
    </delete>
    <update id="updateByid" parameterType="cn.archer.pojo.Zzmysz">
        update zzmysz set typeid=#{typeid},szrq=#{szrq},rqdw=#{rqdw},myname=#{myname},bz=#{bz} where id=#{id}
            
    </update>
    
    
</mapper>
