<?xml version="1.0" encoding="UTF-8" ?>
<!DOCTYPE mapper    
PUBLIC "-//mybatis.org//DTD Mapper 3.0//EN"    
"http://mybatis.org/dtd/mybatis-3-mapper.dtd">
<!-- namespace：此时用mapper代理方式，它的值必须等于对应mapper接口的全限定名  -->
<mapper namespace="cn.archer.mapper.ZzmyMapper">
    <insert id="insert"  parameterType="cn.archer.pojo.Zzmy">
        INSERT INTO zzmy(id,r_animal,ztid,zsrq,ymid,employeeid,fenceid,zssm,bz)
        VALUES (#{id},#{r_animal},#{ztid},#{zsrq},#{ymid},#{employeeid},#{fenceid},#{zssm},#{bz})
    </insert>
        
    <select id="selectAll" resultType="cn.archer.pojo.Zzmy">
        select * FROM zzmy
    </select>
    <select id="selectByid" parameterType="java.lang.String"  resultType="cn.archer.pojo.Zzmy">
        select * from zzmy where id=#{0}
            
    </select>
    <delete id="deleteByid" parameterType="java.lang.String">
        delete from zzmy where r_animal=#{0}
            
    </delete>
    <update id="updateByid" parameterType="cn.archer.pojo.Zzmy">
        update zzmy set r_animal=#{r_animal},ztid=#{ztid},zsrq=#{zsrq},ymid=#{ymid},employeeid=#{employeeid},fenceid=#{fenceid},zssm=#{zssm},bz=#{bz} where id=#{id}
    </update>
    <select id="ZzmySelectByDate" parameterType="java.lang.String" resultType="cn.archer.pojo.Zzmy">
        SELECT * from zzmy WHERE zzmy.zsrq BETWEEN date(#{0}) AND date(#{1}) order by zzmy.zsrq desc
        
    </select>
    <select id="selectByIdPage" parameterType="java.lang.Integer" resultType="cn.archer.pojo.Zzmy">
        SELECT * from zzmy order by zzmy.zsrq desc Limit #{0} Offset #{1}
        
    </select>
    <select id="selectCount"  resultType="cn.archer.pojo.Count">
        SELECT count(*)as'count' from zzmy
        
    </select>

    
    
    
</mapper>
