<?xml version="1.0" encoding="UTF-8" ?>
<!DOCTYPE mapper    
PUBLIC "-//mybatis.org//DTD Mapper 3.0//EN"    
"http://mybatis.org/dtd/mybatis-3-mapper.dtd">
<!-- namespace：此时用mapper代理方式，它的值必须等于对应mapper接口的全限定名  -->
<mapper namespace="cn.archer.mapper.ZzswMapper">
    <insert id="insert"  parameterType="cn.archer.pojo.Zzsw">
        INSERT INTO zzsw(r_animal,swrq,fenceid,swyy,employeeid,bz)
        VALUES (#{r_animal},#{swrq},#{fenceid},#{swyy},#{employeeid},#{bz})
    </insert>
        
    <select id="selectAll" resultType="cn.archer.pojo.Zzsw">
        select * FROM zzsw
    </select>
    <select id="selectByid" parameterType="java.lang.String"  resultType="cn.archer.pojo.Zzsw">
        select * from zzsw where r_animal=#{0}
            
    </select>
    <delete id="deleteByid" parameterType="java.lang.String">
        delete from zzsw where r_animal=#{0}
            
    </delete>
    <update id="updateByid" parameterType="cn.archer.pojo.Zzsw">
        update zzsw set swrq=#{swrq},fenceid=#{fenceid},swyy=#{swyy},employeeid=#{employeeid},bz=#{bz} where r_animal=#{r_animal}
    </update>
    <select id="ZzswSelectByDate" parameterType="java.lang.String" resultType="cn.archer.pojo.Zzsw">
        SELECT * from zzsw WHERE zzsw.swrq BETWEEN date(#{0}) AND date(#{1}) order by zzsw.swrq desc
        
    </select>
    <select id="selectByIdPage" parameterType="java.lang.Integer" resultType="cn.archer.pojo.Zzsw">
        SELECT * from zzsw order by zzsw.swrq desc Limit #{0} Offset #{1}
        
    </select>
    <select id="selectCount"  resultType="cn.archer.pojo.Count">
        SELECT count(*)as'count' from zzsw
        
    </select>

</mapper>
