<?xml version="1.0" encoding="UTF-8" ?>
<!DOCTYPE mapper    
PUBLIC "-//mybatis.org//DTD Mapper 3.0//EN"    
"http://mybatis.org/dtd/mybatis-3-mapper.dtd">
<!-- namespace：此时用mapper代理方式，它的值必须等于对应mapper接口的全限定名  -->
<mapper namespace="cn.archer.mapper.ZzxsMapper">
    <insert id="insert"  parameterType="cn.archer.pojo.Zzxs">
        INSERT INTO zzxs(id,xsrq,xsgs,zzzl,xsje,employeeid,bz1,bz2)
        VALUES (#{id},#{xsrq},#{xsgs},#{zzzl},#{xsje},#{employeeid},#{bz1},#{bz2})
    </insert>
        
    <select id="selectAll" resultType="cn.archer.pojo.Zzxs">
        select * FROM zzxs
    </select>
    <select id="selectByid" parameterType="java.lang.String"  resultType="cn.archer.pojo.Zzxs">
        select * from zzxs where id=#{0}
            
    </select>
    <delete id="deleteByid" parameterType="java.lang.String">
        delete from zzxs where id=#{0}
            
    </delete>
    <update id="updateByid" parameterType="cn.archer.pojo.Zzxs">
        update zzxs set xsrq=#{xsrq},xsgs=#{xsgs},zzzl=#{zzzl},xsje=#{xsje},employeeid=#{employeeid},bz1=#{bz1},bz2=#{bz2}} where id=#{id}
    </update>
    <select id="ZzxsSelectByDate" parameterType="java.lang.String" resultType="cn.archer.pojo.Zzxs">
        SELECT * from zzxs WHERE zzxs.xsrq BETWEEN date(#{0}) AND date(#{1}) order by zzxs.xsrq desc
        
    </select>
    <select id="selectByIdPage" parameterType="java.lang.Integer" resultType="cn.archer.pojo.Zzxs">
        SELECT * from zzxs order by zzxs.xsrq desc Limit #{0} Offset #{1}
        
    </select>
    <select id="selectCount"  resultType="cn.archer.pojo.Count">
        SELECT count(*)as'count' from zzxs
        
    </select>

    
    
    
</mapper>
