<?xml version="1.0" encoding="UTF-8" ?>
<!DOCTYPE configuration
PUBLIC "-//mybatis.org//DTD Config 3.0//EN"
"http://mybatis.org/dtd/mybatis-3-config.dtd">
<configuration>
    <!-- 配置mybatis的环境信息 -->
    <environments default="development">
        <environment id="development">
            <!-- 配置JDBC事务控制，由mybatis进行管理 -->
            <transactionManager type="JDBC"></transactionManager>
            <!-- 配置数据源，采用dbcp连接池 -->
            <dataSource type="POOLED">
                <property name="driver" value="org.sqlite.JDBC"/>
                <!--<property name="url" value="jdbc:sqlite:src/pigdata.db"/>-->
                <!--<property name="url" value="jdbc:sqlite::resource:pigdata.db"/>-->
                <property name="url" value="jdbc:sqlite:D:\pigdata\pigdata.db"/>
            </dataSource>
        </environment>
    </environments>
    <mappers>
        <package name="cn.archer.mapper"/>
    </mappers>


</configuration>
